time_min;T_deck_C;T_hanger_C;T_cable_C
0,0;20,0;20,0;20,0
0,08333333333333333;20,0;20,0;20,0
0,16666666666666666;20,342033877862573;20,316472373819355;20,09577763139088
0,25;20,936510968897085;20,863289007316926;20,259759232546532
0,3333333333333333;21,73729802402696;21,596446195397686;20,478127827533143
0,4166666666666667;22,715194556685667;22,48834383481149;20,742407738014105
0,5;23,849524388850995;23,51961696269674;21,04678674244099
0,5833333333333334;25,124581600524458;24,675683841961053;21,386985863624773
0,6666666666666666;26,527851673470135;25,945020356706554;21,75969604338481
0,75;28,04901466928468;27,318194778657812;22,162264286692274
0,8333333333333334;29,67933930224561;28,787282300720335;22,592504169889185
0,9166666666666666;31,411291222460076;30,345487443446345;23,04857425409964
1,0;33,238267223793024;31,986888495675956;23,528896250986897
1,0833333333333333;35,154407697184766;33,70625767329679;24,032097779408524
1,1666666666666667;37,15445993742534;35,49893041613743;24,556971031191154
1,25;39,23367575300226;37,36070778200349;25,102442118946378
1,3333333333333333;41,3877329512033;39,287781843119795;25,66754782447002
1,4166666666666667;43,61267389158833;41,27667750330432;26,251417613431457
1,5;45,9048565279446;43,32420631251275;26,85325948534683
1,5833333333333333;48,26091477541768;45,42742922676571;27,472348673722962
1,6666666666666667;50,67772596731762;47,58362615869367;28,108018502353712
1,75;53,15238378954844;49,790270766205055;28,759652898737226
1,8333333333333333;55,68217550912617;52,04500934034397;29,426680199202607
1,9166666666666667;58,264562613769485;54,34564294318062;30,10856797378167
2,0;60,89716419412774;56,69011215333089;30,80481866541795
2,0833333333333335;63,57774255593032;59,07648392664446;31,514965886297123
2,1666666666666665;66,30419066401294;61,502940189962445;32,23857124950346
2,25;69,07452110575244;63,96776786817348;32,975221640598264
2,3333333333333335;71,886856326087;66,46935010697251;33,724526853627005
2,4166666666666665;74,73941993568042;69,00615850121471;34,4861175312567
2,5;77,63052893190357;71,57674617540715;35,259643360464636
2,5833333333333335;80,55858670200527;74,1797415914398;36,04477148432683
2,6666666666666665;83,52207670119441;76,81384298111183;36,84118509762881
2,75;86,51955671686666;79,47781331881218;37,6485821997072
2,8333333333333335;89,54965364499964;82,17047576393814;38,466674482473245
2,9166666666666665;92,61105871664668;84,89070951408735;39,2951863352251
3,0;95,70252312211086;87,63744601933945;40,133853950818214
3,0833333333333335;98,82285398825773;90,40966551551706;40,98242452017926
3,1666666666666665;101,97091067089465;93,20639384053283;41,84065550413177
3,25;105,14560132949099;96,02669950306424;42,70831397313801
3,3333333333333335;108,34587975595832;98,86969097706324;43,58517600691937
3,4166666666666665;111,57074243292595;101,73451419916934;44,47102614704995
3,5;114,81922580007121;104,62035024908542;45,36565689656728
3,5833333333333335;118,09040370970513;107,52641319549863;46,26886826144296
3,6666666666666665;121,47305791967808;110,51192055354299;47,180467329431856
3,75;124,90448835773446;113,55637161000905;48,125007638434404
3,8333333333333335;128,36204295619433;116,6240245204417;49,08129181661615
3,9166666666666665;131,8445463258652;119,71388837466121;50,0468647396473
4,0;135,3508381164602;122,82498650354529;51,021476763152585
4,083333333333333;138,87977325517465;125,95635669935356;52,00488079096585
4,166666666666667;142,43022213300134;129,10705139034175;52,996832415515804
4,25;146,00107074303614;132,27613777267717;53,9970900475856
4,333333333333333;149,59122077505089;135,46269790274803;55,00541503561677
4,416666666666667;153,19958967056277;138,66582875297436;56,0215717747861
4,5;156,82511064252557;141,88464223419356;57,04532780612802
4,583333333333333;160,46673266362495;145,11826518762425;58,076453906008034
4,666666666666667;164,1234204269883;148,36583934931525;59,114724166277284
4,75;167,79415428292893;151,62652128987168;60,15991606545564
4,833333333333333;171,47793015514117;154,8994823321219;61,21181053130292
4,916666666666667;175,17375943955201;158,18390844925318;62,27019199514525
5,0;178,88066888882184;161,47900014580227;63,33484843832741
5,083333333333333;182,59770048527204;164,7839723237441;64,4055714311633
5,166666666666667;186,3239113048062;168,09805413577772;65,48215616475457
5,25;190,0583733741831;171,42048882776723;66,56440147604465
5,333333333333333;193,80017352379733;174,75053357215526;67,6521098664697
5,416666666666667;197,5484132379264;178,0874592940312;68,74508751456185
5,5;201,30220850421398;181,43055049140432;69,84314428285231
5,583333333333333;205,06068966397527;184,77910505110555;70,94609371941361
5,666666666666667;208,82300126473706;188,1324340616189;72,05375305437062
5,75;212,5883019162565;191,48986162402824;73,16594319170065
5,833333333333333;216,3557641511041;194,8507246621523;74,28248869663238
5,916666666666667;220,12457429074445;198,2143727328368;75,4032177789427
6,0;223,89393231790544;201,5801678372709;76,52796227243992
6,083333333333333;227,66305175588954;204,9474842341009;77,65655761091078
6,166666666666667;231,4311595553536;208,31570825502473;78,78884280079751
6,25;235,19749598896217;211,68423812346583;79,92466039086021
6,333333333333333;238,96131455420652;215,05248377684612;81,06385643906877
6,416666666666667;242,7218818845744;218,419866692903;82,20628047695764
6,5;246,47847766915763;221,7858197204261;83,35178547166593
6,583333333333333;250,2303945806913;225,14978691472353;84,50022778587473
6,666666666666667;253,97693821193366;228,51122337806783;85,65146713584303
6,75;257,71742702021646;231,86959510531412;86,8053665477337
6,833333333333333;261,45119227992313;235,22437883483158;87,96179231241041
6,916666666666667;265,1775780425866;238,57506190484008;89,12061393887767
7,0;268,8959411042379;241,92114211519953;90,28170410652567
7,083333333333333;272,6056509795834;245,2621275946581;91,44493861633352
7,166666666666667;276,30608988254073;248,59753667352766;92,61019634117477
7,25;279,9966527126207;251,92689776172037;93,77735917536141
7,333333333333333;283,6767470466066;255,24974923204906;94,94631198355367
7,416666666666667;287,34579313495135;258,56563930866537;96,11694254915552
7,5;291,00322390228655;261,87412596048455;97,28914152230804
7,583333333333333;294,648484951418;265,17477679942255;98,4628023675855
7,666666666666667;298,28103457016664;268,46716898325144;99,63782131149222
7,75;301,90034374040255;271,7508891228607;100,81409728985147
7,833333333333333;305,50589614861536;275,0255331936978;101,99153189517145
7,916666666666667;309,0971881973617;278,290706451147;103,17002932406707
8,0;312,6737290169342;281,54602334959606;104,34949632481111
8,083333333333334;316,2350404766038;284,79110746493006;105,52984214508193
8,166666666666666;319,78065719479685;288,0255914201863;106,71097847997055
8,25;323,3101265475859;291,2491168140976;107,89281942030448
8,333333333333334;326,8230086748883;294,4613341522498;109,07528140134103
8,416666666666666;330,3188764837897;297,66190278057564;110,25828315187864
8,5;333,79731564843473;300,8504908209099;111,44174564383023
8,583333333333334;337,25792460595136;304,02677510832865;112,6255920422988
8,666666666666666;340,7003145479083;307,19044113000155;113,80974765619186
8,75;344,1241094068338;310,3411829652884;114,99413988940725
8,833333333333334;347,5289458373589;313,4787032268168;116,17869819262027
8,916666666666666;350,9144731915835;316,60271300228436;117,36335401569838
9,0;354,28035348829934;319,71293179673665;118,5480407607668
9,083333333333334;357,6262613757415;322,8090874750793;119,73269373594609
9,166666666666666;360,95188408757986;325,8909162045936;120,91725010977942
9,25;364,2569213918986;328,9581623972336;122,10164886636555
9,333333333333334;367,54108553295225;332,01057865149346;123,28583076121065
9,416666666666666;370,80410116552673;335,04792569364616;124,46973827781046
9,5;374,0457052817703;338,0699723181652;125,65331558497203
9,583333333333334;377,2656471304006;341,07649532715357;126,83650849488238
9,666666666666666;380,46368812822993;344,06727946861713;128,01926442193005
9,75;383,63960176398905;347,04211737343223;129,2015323422834
9,833333333333334;386,7931734944647;350,0008094908698;130,38326275422864
9,916666666666666;389,92420063300176;352,94316402255265;131,5644076392685
10,0;393,0324922304534;355,86899685473446;132,74492042398197
10,083333333333334;396,11786894869505;358,77813148880364;133,92475594264357
10,166666666666666;399,18016292684814;361,67039896992685;135,10387040060013
10,25;402,21921764038683;364,54563781376186;136,28222133840183
10,333333333333334;405,23488775332913;367,40369393118044;137,4597675966833
10,416666666666666;408,39638099398593;370,2444205509559;138,63646928178983
10,5;411,70799914978903;373,30126055686344;139,812287732143
10,583333333333334;415,0046817268266;376,4112145592605;140,98718548533913
10,666666666666666;418,28619789816617;379,5116205514335;142,16112624597372
10,75;421,5523236526205;382,6022738446657;143,42273162209753
10,833333333333334;424,8028418664379;385,68297317341506;144,69058940607724
10,916666666666666;428,0375423675854;388,753520767441;145,9603481474782
11,0;431,2562219924921;391,81372242209676;147,23197915027941
11,083333333333334;434,4586846351487;394,8633875665944;148,50545409740752
11,166666666666666;437,64474128848605;397,9023293300579;149,7807450411855
11,25;440,8142100779848;400,9303646051915;151,05782439402168
11,333333333333334;443,9669162874944;403,9473141093986;152,336664919332
11,416666666666666;447,102692377266;406,9530024431982;153,6172397226888
11,5;450,2213779942293;409,9472581457975;154,8995222431891
11,583333333333334;453,3228199745682;412,9299137476868;156,18348624503696
11,666666666666666;456,4068723386734;415,9008058201382;157,46910580933283
11,75;459,4733962785718;418,85977502149683;158,75635532606466
11,833333333333334;462,52226013795496;421,8066661401669;160,045209486295
11,916666666666666;465,5533393849481;424,7413281342051;161,3356432745385
12,0;468,56651657777996;427,6636141674452;162,62763196132477
12,083333333333334;471,5616813235315;430,57338164208835;163,9211510959412
12,166666666666666;474,5387302301572;433,47049222770573;165,21617649935143
12,25;477,4975668519882;436,3548118866099;166,51268425728398
12,333333333333334;480,43810162893817;439,2262108955625;167,8106507134873
12,416666666666666;483,36025181964754;442,0845638637962;169,11005246314616
12,5;486,26394142880963;444,9297497473401;170,4108663464557
12,583333333333334;489,1491011289333;447,761651859646;171,71306944234857
12,666666666666666;492,0156681768038;450,5801578785243;173,01663906237155
12,75;494,8635863249105;453,38515984940733;174,3215527447077
12,833333333333334;497,69280572811584;456,17655418496673;175,62778824834027
12,916666666666666;500,50328284584276;458,9542416611206;176,93532354735495
13,0;503,29498034006235;461,7181274094739;178,24413682537698
13,083333333333334;506,06786696936416;464,46812090624485;179,5542064701396
13,166666666666666;508,82191747939237;467,2041359577361;180,86551106818095
13,25;511,5571124899312;469,9260906824177;182,17802939966595
13,333333333333334;514,2734383789209;472,6339074896945;183,49174043333034
13,416666666666666;516,9708871636832;475,327513055439;184,80662332154404
13,5;519,6494563796332;478,0068382943734;186,1226573954907
13,583333333333334;522,3091489567487;480,671818329392;187,43982216046103
13,666666666666666;524,9499730940645;483,3223924579204;188,75809729125703
13,75;527,5719421324541;485,9585041154098;190,07746262770468
13,833333333333334;530,1750744259532;488,580100836072;191,39789817027255
13,916666666666666;532,7593932118748;491,1871342109607;192,719384075794
14,0;535,3249264799579;493,77955984351127;194,04190065329055
14,083333333333334;537,8717068407834;496,35733730265025;195,3654283598941
14,166666666666666;540,3997713936837;498,9204300735914;196,6899477968661
14,25;542,9091615943642;501,46880550643345;198,01543970571115
14,333333333333334;545,3999231224449;504,0024347626796;199,34188496438327
14,416666666666666;547,8721057491248;506,521292759796;200,66926458358284
14,5;550,3257632051576;509,0253581139303;201,9975597031421
14,583333333333334;552,760953049324;511,51461308090984;203,32675158849727
14,666666666666666;555,1777365375715;513,9890434956385;204,65682162724602
14,75;557,5761784929865;516,4486387100121;205,98775132578768
14,833333333333334;559,9563471767544;518,8933915294707;207,31952230604531
14,916666666666666;562,3183141602512;521,3232981483044;208,65211630226733
15,0;564,6621541984044;523,7383580838292;209,98551515790746
15,083333333333334;566,98794510445;526,138574109547;211,3197008225813
15,166666666666666;569,2957676262042;528,5239521874013;212,65465534909802
15,25;571,5857053239598;530,8945013992399;213,99036089056563
15,333333333333334;573,8578444501071;533,2502338775915;215,32679969756856
15,416666666666666;576,1122738305739;535,5911647358624;216,66395411541592
15,5;578,3490847481683;537,9173119980546;218,0018065814594
15,583333333333334;580,5683708279;540,2286965281068;219,34033962247904
15,666666666666666;582,7702279243517;542,5253419589534;220,67953585213618
15,75;584,9547540111594;544,8072746213973;222,01937796849174
15,833333333333334;587,1220490726575;547,0745234728846;223,3598487515891
15,916666666666666;589,2722149977373;549,3271200262708;224,7009310611001
16,0;591,4053554759564;551,5650982786606;226,04260783403316
16,083333333333332;593,5215758959386;553,7884946404038;227,38486208250234
16,166666666666668;595,6209832460881;555,9973478643225;228,7276768915563
16,25;597,703686017645;558,1916989752443;230,07103541706624
16,333333333333332;599,7697941100961;560,3715911999124;231,41492088367124
16,416666666666668;601,8194187389558;562,537069897337;232,75931658278085
16,5;603,854088450961;564,6881824896549;234,1042058706332
16,583333333333332;605,8748551626788;566,8249783935529;235,44957216640805
16,666666666666668;607,8816710958935;568,9475089523154;236,79539895039395
16,75;609,8744906271102;571,0558273685463;238,1416697622081
16,833333333333332;611,8532702359244;573,1499886376163;239,4883681990687
16,916666666666668;613,8179684514714;575,2300494818821;240,83547791411843
17,0;615,768545796943;577,2960682857198;242,18298261479833
17,083333333333332;617,7049647321525;579,3481050314134;243,5308660612715
17,166666666666668;619,6271895941295;581,3862212359351;244,87911206489542
17,25;621,5351865357275;583,4104798886509;246,22770448674254
17,333333333333332;623,4289234622199;585,4209453899833;247,57662723616798
17,416666666666668;625,3083699658652;587,4176834910586;248,9258642694238
17,5;627,1734972584154;589,4007612343647;250,2753995883193
17,583333333333332;629,0242781015443;591,3702468954416;251,62521723892596
17,666666666666668;630,8606867351658;593,3262099256251;252,9753013103273
17,75;632,6826988036167;595,2687208958621;254,32563593341206
17,833333333333332;634,49029127967;597,1978514416106;255,67620527971064
17,916666666666668;636,2834423863484;599,1136742088403;257,02699356027375
18,0;638,0621315165023;601,016262801142;258,37798502459304
18,083333333333332;639,8263391501172;602,906106874738;259,7291639595626
18,166666666666668;641,5760467693103;604,7849471782386;261,080514688481
18,25;643,3112367709782;606,6527353822223;262,4320215700934
18,333333333333332;645,0318923770523;608,5094243347692;263,7836689976727
18,416666666666668;646,7379975423195;610,354968030754;265,13544139813945
18,5;648,4295368597625;612,189321579908;266,48732323122005
18,583333333333332;650,1064954633731;614,0124411736256;267,8392989886423
18,666666666666668;651,7688589283912;615,8242840504909;269,1913531933681
18,75;653,4166131689218;617,6248084604993;270,5434703988624
18,833333333333332;655,0497443328801;619,4139736279471;271,8956351883982
18,916666666666668;656,6682386942169;621,191739712963;273,2478321743971
19,0;658,2720825423759;622,9580677716501;274,6000459978044
19,083333333333332;659,8612620689356;624,7129197148122;275,95226132749855
19,166666666666668;661,4357632513918;626,4562582652308;277,3044628597348
19,25;662,9955717340374;628,1880469134613;278,6566353176218
19,333333333333332;664,5406727059025;629,9082498721165;280,0087634506311
19,416666666666668;666,0710507757209;631,6168320285988;281,36083203413904
19,5;667,5866898438973;633,3137588962504;282,71282586900077
19,583333333333332;669,0875729714555;634,9989965638796;284,06472978115505
19,666666666666668;670,5736822459614;636,6725116436259;285,41652862126045
19,75;672,0449986444216;638,3342712171252;286,76820726436193
19,833333333333332;673,5015018931786;639,9842427799323;288,119750609587
19,916666666666668;674,9431703248363;641,6223941841581;289,4711435798721
20,0;676,3699807322731;643,2486935792787;290,8223711217172
20,083333333333332;677,781908219822;644,8631093510702;292,1734182049697
20,166666666666668;679,1789260517246;646,4656100586251;293,52426982263626
20,25;680,5610054980029;648,0561643694012;294,874910990722
20,333333333333332;681,9281156779238;649,6347409922579;296,2253267480977
20,416666666666668;683,2802234012801;651,2013086084291;297,575502156393
20,5;684,6172930077599;652,7558358003878;298,92542229991676
20,583333333333332;685,9392862047317;654,2982909785502;300,2750722856029
20,666666666666668;687,2461619038411;655,8286423057749;301,62443724298186
20,75;688,5378760568849;657,3468576196072;302,97350232417733
20,833333333333332;689,8143814915171;658,8529043522244;304,3222527039276
20,916666666666668;691,0756277474296;660,3467494480362;305,670673579631
21,0;692,3215609137638;661,8283592789003;307,01875017141555
21,083333333333332;693,5521234686231;663,2976995569122;308,3664677222316
21,166666666666668;694,767254121693;664,7547352447372;309,7138114979679
21,25;695,9668876611248;666,1994304634514;311,0607667875898
21,333333333333332;697,1509548060018;667,6317483978725;312,40731890329994
21,416666666666668;698,3193820658913;669,0516511993587;313,7534531807208
21,5;699,4720916091893;670,459099886074;315,09915497909816
21,583333333333332;700,6090011421809;671,8540542407178;316,44440968152605
21,666666666666668;701,7300238009854;673,2364727057371;317,78920269519165
21,75;702,8350680588144;674,6063122760501;319,1335194516408
21,833333333333332;703,9240376512536;675,9635283893268;320,4773454070627
21,916666666666668;704,9968315225815;677,308074813895;321,8206660425947
22,0;706,0533437964609;678,6399035343561;323,1634668646451
22,083333333333332;707,0934637746752;679,9589646350291;324,5057334052348
22,166666666666668;708,1170759679364;681,2652061813643;325,84745122235745
22,25;709,1240601631525;682,5585740995043;327,1886059003564
22,333333333333332;710,1142915319116;683,8390120542099;328,5291830503197
22,416666666666668;711,0876407853018;685,1064613254092;329,8691683104916
22,5;712,0439743805425;686,3608606836809;331,2085473467005
22,583333333333332;712,9831547852283;687,6021462650348;332,54730585280316
22,666666666666668;713,9050408052824;688,8302514454197;333,8854295511441
22,75;714,8094879829549;690,0451067154561;335,222904193031
22,833333333333332;715,696349071365;691,2466395559712;336,55971555922423
22,916666666666668;716,565474592158;692,434774315002;337,89584946044124
23,0;717,4167134827945;693,6094320870293;339,23129173787476
23,083333333333332;718,2499138397876;694,7705305953169;340,56602826372483
23,166666666666668;719,0649237638178;695,9179840783459;341,900044941744
23,25;719,8615923120587;697,0517031814709;343,2333277077953
23,333333333333332;720,6397705621966;698,1715948550683;344,5658625304227
23,416666666666668;721,3993127914961;699,2775622606058;345,89763541143367
23,5;722,1400777728178;700,3695046862356;347,22863238649325
23,583333333333332;722,8619301877065;701,4473174737024;348,55883952572947
23,666666666666668;723,5647421545157;702,510891958558;349,88824293434965
23,75;724,2483948670092;703,5601154258917;351,216828753267
23,833333333333332;724,9127803359892;704,5948710840156;352,54458315973733
23,916666666666668;725,5578032232497;705,6150380587886;353,8714923680055
24,0;726,1833827536079;706,6204914115157;355,1975426299609
24,083333333333332;726,7894546869642;707,6111021836239;356,52272023580224
24,166666666666668;727,3759733283993;708,586737471586;357,84701151471023
24,25;727,9429135503373;709,5472605358342;359,1704028355289
24,333333333333332;728,4902727969464;710,4925309476722;360,49288060745397
24,416666666666668;729,0180730373806;711,4224047784563;361,8144312807293
24,5;729,5263626313844;712,3367348355507;363,1350413473495
24,583333333333332;730,0152180683962;713,2353709497785;364,4546973417696
24,666666666666668;730,484745539798;714,118160319259;365,77338584162055
24,75;730,9350823035743;714,9849479146452;367,09109346843053
24,833333333333332;731,3663978015281;715,8355769508219;368,4078068883517
24,916666666666668;731,7788944914948;716,6698894300947;369,7235128128917
25,0;732,1728083607512;717,4877267617572;371,0381979996504
25,083333333333332;732,5484090920609;718,2889304626564;372,35184925305975
25,166666666666668;732,9059998604253;719,0733429429614;373,66445342512867
25,25;733,2459167464718;719,8408083807526;374,9759974161905
25,333333333333332;733,5685277612472;720,5911736882588;376,28646817565414
25,416666666666668;733,8742314866728;721,3242895715738;377,5958527027574
25,5;734,1634553456787;722,0400116844371;378,9041380473233
25,583333333333332;734,436653525637;722,7382018751705;380,21131131051783
25,666666666666668;734,6943045877423;723,4187295241031;381,5173596456097
25,75;734,9369088030234;724,0814729667915;382,82227025873095
25,833333333333332;735,1649852623566;724,7263209960572;384,12603040963893
25,916666666666668;735,3980955807494;725,3531744333454;385,42862741247853
26,0;735,6436447497764;725,9619477571839;386,73004863654467
26,083333333333332;735,9021452754778;726,5525707736527;388,0302815070447
26,166666666666668;736,1741116021685;727,1249903108238;389,3293135058602
26,25;736,4600578167531;727,6791719161926;390,627132172308
26,333333333333332;736,7604951723473;728,2151015333018;391,92372510389987
26,416666666666668;737,0759294452919;728,7327871311813;393,2190799571009
26,5;737,4068581439101;729,232260258024;394,513184448086
26,583333333333332;737,753767591653;729,7135774888387;395,8060263534939
26,666666666666668;738,1171299114574;730,1768217358067;397,09759351117896
26,75;738,4973999420714;730,622103389846;398,38787382096007
26,833333333333332;738,8950121206318;731,0495612625907;399,6768552453662
26,916666666666668;739,3103773687591;731,4593632996899;400,9645258103788
27,0;739,7438800217303;731,8517070390874;402,25087360617005
27,083333333333332;740,1958748417649;732,2268197917551;403,5358867878371
27,166666666666668;740,6666841570203;732,5849585271701;404,81955357613236
27,25;741,1565951674659;732,9264094515383;406,1018622581882
27,333333333333332;741,665857457342;733,2514872732239;407,38280118823747
27,416666666666668;742,194680751432;733,5605341568089;408,6623587883284
27,5;742,7432329489081;733,8539183744473;409,94052354903374
27,583333333333332;743,3116384641513;734,1320326703923;411,21728403015453
27,666666666666668;743,8999768988089;734,3952923614753;412,4926288614172
27,75;744,5082820636001;734,6441332026142;413,76654674316455
27,833333333333332;745,136541362185;734,8790090518538;415,0390264470402
27,916666666666668;745,7846955429765;735,1003893737861;416,3100568166656
28,0;746,4526388183008;735,3197959285418;417,57962676831056
28,083333333333332;747,140219344;735,5503013087289;418,8477252915555
28,166666666666668;747,8472400466012;735,7923394426911;420,1143414499467
28,25;748,573459779731;736,0463462498116;421,37946438164346
28,333333333333332;749,3185947866504;736,312757974115;422,64308330005673
28,416666666666668;750,0823204417487;736,5920093920329;423,90518749447983
28,5;750,8642732406213;736,8845319030876;425,1657663307101
28,583333333333332;751,6640530060083;737,1907515148386;426,424809251662
28,666666666666668;752,4812252753901;737,5110867360409;427,6823057779712
28,75;753,315323835387;737,8459463945264;428,93824550858903
28,833333333333332;754,1658533682436;738,19572739876;430,19261812136784
28,916666666666668;755,0322921765137;738,5608124642562;431,4454133736364
29,0;755,9140949535048;738,9415678280022;432,6966211027657
29,083333333333332;756,8106955689977;739,3383409756299;433,94623122672436
29,166666666666668;757,7215098421094;739,7514584072449;435,1942337446242
29,25;758,6459382758193;740,1812234685015;436,44061873725525
29,333333333333332;759,5833687305267;740,6279142736432;437,68537636760976
29,416666666666668;760,5331790169544;741,0917817467956;438,9284968813963
29,5;761,494739391682;741,5730478067735;440,1699706075422
29,583333333333332;762,4674149415052;742,0719037190664;441,40978795868534
29,666666666666668;763,4505678456233;742,5885086365112;442,6479394316547
29,75;764,4435595072943;743,1229883475089;443,8844156079395
29,833333333333332;765,445752549055;743,6754342475532;445,1192071541468
29,916666666666668;766,4565126678255;744,2459025463928;446,3523048224477
30,0;767,475210348221;744,834413719456;447,5836994510117
30,083333333333332;768,5012224341523;745,4409522083114;448,8133819644291
30,166666666666668;769,5339335603159;746,0654663710458;450,0413433741218
30,25;770,5727374464694;746,7078686796082;451,26757477874185
30,333333333333332;771,6170380584581;747,3680361575023;452,4920673645575
30,416666666666668;772,6662506408254;748,0458110478012;453,7148124058278
30,5;773,719802626523;748,7410016983844;454,9358012651641
30,583333333333332;774,7771344297437;749,4533836486287;456,1550253938797
30,666666666666668;775,8377001282606;750,1827008995585;457,37247633232664
30,75;776,9009680418835;750,9286673477183;458,58814571022
30,833333333333332;777,966421213755;751,6909683617696;459,8020252469499
30,916666666666668;779,0335578012237;752,4692624800456;461,0141067518805
31,0;780,1018913829652;753,2631832069849;462,2243821246363
31,083333333333332;781,1709511888886;754,0723408864914;463,4328433553758
31,166666666666668;782,240282259177;754,8963246307809;464,6394825250523
31,25;783,3094455385822;755,7347042841297;465,8442918056619
31,333333333333332;784,378017911832;756,5870324020805;467,0472634604784
31,416666666666668;785,4455921857235;757,4528462280333;468,24838984427566
31,5;786,5117770231775;758,3316696506969;469,4476634035368
31,583333333333332;787,5761968342194;759,2230151275376;470,64507667665043
31,666666666666668;788,6384916285441;760,1263855611041;471,8406222940942
31,75;789,6983168340078;761,0412761168664;473,0342929786052
31,833333333333332;790,7553430850897;761,967175972951;474,2260815453375
31,916666666666668;791,8092559850668;762,903569993857;475,4159809020066
32,0;792,8597558453577;763,8499403218522;476,6039840490213
32,083333333333336;793,9065574052191;764,8057678812772;477,7900840796024
32,166666666666664;794,9493895347135;765,7705337923885;478,9742741798887
32,25;795,9879949236184;766,7437206926573;480,15654762902994
32,333333333333336;797,0221297587152;767,724813964594;481,3368977992671
32,416666666666664;798,0515633916723;768,7133028701835;482,5153181559999
32,5;799,0760779995335;769,7086815929088;483,69180225784174
32,583333333333336;800,09546823963;770,7104501890933;484,8663437566614
32,666666666666664;801,109540900555;771,7181154509362;486,0389363976129
32,75;802,1181145506758;772,731191684132;487,2095740191519
32,833333333333336;803,1210191855057;773,7492014033872;488,37825055304063
32,916666666666664;804,1180958751148;774,7716759494689;489,54496002433933
33,0;805,1091964126341;775,7981560316528;490,70969655138606
33,083333333333336;806,094182964783;776,8281921996003;491,8724543457637
33,166666666666664;807,0729277252468;777,8613452487864;493,0332277122551
33,25;808,0453125716265;778,8971865636325;494,1920110487859
33,333333333333336;809,011228726598;779,9352984024875;495,3487988463553
33,416666666666664;809,970576423831;780,9752741285401;496,5035856889548
33,5;810,923264579144;782,0167183906603;497,65636625347514
33,583333333333336;811,8692104673063;783,0592472580478;498,8071353096016
33,666666666666664;812,8083394048324;784,1024883124267;499,9558877196972
33,75;813,7405844390619;785,1460807013726;501,1026184386747
33,833333333333336;814,6658860437653;786,1896751561908;502,2473225138569
33,916666666666664;815,5841918214729;787,2329339775879;503,3899950848256
34,0;816,4954562126809;788,2755309922037;504,5306313832596
34,083333333333336;817,3996402120547;789,3171514828863;505,669226732761
34,166666666666664;818,2967110917147;790,3574920954147;506,8057765486709
34,25;819,1866421316614;791,3962607241957;507,94027633787414
34,333333333333336;820,0694123573704;792,4331763792867;509,072721698593
34,416666666666664;820,9450062845643;793,4679690369311;510,20310832017066
34,5;821,8134136711479;794,5003794756271;511,33143198284364
34,583333333333336;822,674629276275;795,5301590995992;512,4576885575043
34,666666666666664;823,528652626499;796,5570697513901;513,581874005453
34,75;824,375487788944;797,5808835151562;514,7039843781395
34,833333333333336;825,215143151423;798,6013825121112;515,8240158168954
34,916666666666664;826,0476312094162;799,6183586894437;516,9419645526561
35,0;826,872968359815;800,631613603914;518,0578269056731
35,083333333333336;827,6911747013287;801,6409582012301;519,1715992852165
35,166666666666664;828,5022738414426;802,6462125921961;520,283278189269
35,25;829,3062927098129;803,6472058265394;521,3928602042096
35,333333333333336;830,1032613779751;804,6437756652281;522,5003420044883
35,416666666666664;830,8932128852437;805,6357683520133;523,6057203522928
35,5;831,6761830706718;806,6230383848562;524,708992097205
35,583333333333336;832,4522104109412;807,6054482878288;525,8101541758501
35,666666666666664;833,2213358640495;808,5828683840169;526,909203611536
35,75;833,9836027186586;809,5551765698916;528,0061375138852
35,833333333333336;834,7390564489715;810,5222580915673;529,1009530784581
35,916666666666664;835,4877445749979;811,4840053233116;530,1936475863687
36,0;836,2297165280753;812,4403175486299;531,2842184038913
36,083333333333336;836,9650235215087;813,391100744205;532,372662982061
36,166666666666664;837,6937184261926;814,3362673669387;533,4589788562653
36,25;838,4158556510827;815,2757361443036;534,543163645829
36,333333333333336;839,1314910283812;816,2094318681865;535,6252150535919
36,416666666666664;839,8406817033067;817,1372851923776;536,7051308654784
36,5;840,5434860283148;818,05923243383;537,7829089500618
36,583333333333336;841,2399634616422;818,9752153777961;538,8585472581203
36,666666666666664;841,9301744700477;819,8851810869254;539,9320438221872
36,75;842,6141804356221;820,7890817143884;541,0033967560946
36,833333333333336;843,2920435665459;821,6868743210764;542,0726042545103
36,916666666666664;843,9638268116734;822,5785206969113;543,1396645924694
37,0;844,6295937788229;823,4639871862868;544,2045761248991
37,083333333333336;845,2894086566578;824,3432445176485;545,2673372861378
37,166666666666664;845,9433361400421;825,2162676372128;546,3279465894495
37,25;846,591441358761;826,0830355468116;547,3864026265313
37,333333333333336;847,2337898094939;826,9435311458445;548,4427040670166
37,416666666666664;847,8704472909345;827,7977410773096;549,4968496579727
37,5;848,5014798419519;828,6456555778805;550,5488382233933
37,583333333333336;849,1269536826909;829,4872683319884;551,5986686636867
37,666666666666664;849,7469351585113;830,322576329866;552,6463399551584
37,75;850,3614906866677;831,1515797295017;553,69185114949
37,833333333333336;850,9706867056359;831,9742817224529;554,7352013732134
37,916666666666664;851,5745896269918;832,7906884034612;555,7763898271803
38,0;852,1732657897535;833,6008086438097;556,8154157860288
38,083333333333336;852,7667814170968;834,4046539683617;557,8522785976445
38,166666666666664;853,3552025753607;835,2022384362158;558,8869776826195
38,25;853,9385951352575;835,9935785249136;559,9195125337064
38,333333333333336;854,5170247352064;836,7786930181313;560,9498827152695
38,416666666666664;855,0905567467138;837,5576028967896;561,9780878627327
38,5;855,6592562417206;838,3303312335114;563,0041276820239
38,583333333333336;856,2231879618445;839,0969030903598;564,0280019490168
38,666666666666664;856,7824162894431;839,8573454197855;565,0497105089696
38,75;857,3370052204297;840,6116869687154;566,0692532759607
38,833333333333336;857,887018338771;841,3599581857119;567,0866302323224
38,916666666666664;858,432518792603;842,1021911311333;568,1018414280716
39,0;858,9735692718995;842,8384193902268;569,1148869803386
39,083333333333336;859,5102319876318;843,568677989085;570,1257670727935
39,166666666666664;860,0425686523589;844,2930033133974;571,1344819550703
39,25;860,5706404621905;845,0114330299294;572,1410319421904
39,333333333333336;861,0945080800651;845,7240060106619;573,1454174139822
39,416666666666664;861,6142316202903;846,430762259525;574,1476388145011
39,5;862,1298706342906;847,1317428416602;575,1476966514468
39,583333333333336;862,6414840975121;847,8269898151473;576,1455914955799
39,666666666666664;863,1491303974358;848,5165461651308;577,1413239801365
39,75;863,6528673226487;849,2004557402844;578,1348948002426
39,833333333333336;864,1527520529295;849,8787631915511;579,1263047123269
39,916666666666664;864,6488411503022;850,5515139130983;580,1155545335333
40,0;865,141190551015;851,2187539854278;581,1026451411317
40,083333333333336;865,6298555584025;851,8805301205822;582,0875774719291
40,166666666666664;866,114890836591;852,5368896093905;583,07035252168
40,25;866,5963504050085;853,1878802706954;584,0509713444962
40,333333333333336;867,07428763366;853,8335504025066;585,0294350522565
40,416666666666664;867,5487552391348;854,4739487350278;586,0057448140161
40,5;868,0198052813079;855,1091243855004;586,9799018554162
40,583333333333336;868,4874891607034;855,7391268148154;587,9519074580934
40,666666666666664;868,9518576164877;856,3640057858395;588,9217629590895
40,75;869,4129607250596;856,9838113234063;589,8894697502616
40,833333333333336;869,870847899209;857,5985936759246;590,8550292776922
40,916666666666664;870,3255678878136;858,2084032785538;591,8184430411006
41,0;870,7771687760467;858,8132907179008;592,779712593254
41,083333333333336;871,2256979860691;859,4133066981931;593,7388395393795
41,166666666666664;871,6712022781785;860,0085020088807;594,6958255365774
41,25;872,1137277523917;860,5989274936268;595,6506722932354
41,333333333333336;872,5533198504367;861,1846340206415;596,6033815684426
41,416666666666664;872,99002335813;861,7656724543178;597,553955171406
41,5;873,4238824081187;862,3420936281298;598,5023949608672
41,583333333333336;873,8549404829647;862,9139483187517;599,4487028445212
41,666666666666664;874,283240418551;863,4812872213618;600,3928807784358
41,75;874,7088244077919;864,044160926089;601,3347856735269
41,833333333333336;875,1317340046256;864,6026198955707;602,2750951455948
41,916666666666664;875,5520101282737;865,1567144435803;603,2137990900608
42,0;875,9696930677488;865,706494714694;604,150887355567
42,083333333333336;876,3848224865947;866,2520106649603;605,0863497426134
42,166666666666664;876,7974374278415;866,7933120435385;606,0201760021617
42,25;877,2075763191632;867,3304483752764;606,9523558342062
42,333333333333336;877,6152769782203;867,8634689441926;607,8828788863099
42,416666666666664;878,0205766181754;868,3924227778348;608,8117347521072
42,5;878,4235118533674;868,9173586324828;609,7389129697698
42,583333333333336;878,8241187051326;869,4383249791688;610,6644030204367
42,666666666666664;879,2224326077591;869,9553699904847;611,5881943266069
42,75;879,6184884145637;870,46854152815;612,5102762504932
42,833333333333336;880,0123204040805;870,9778871313141;613,4306380923381
42,916666666666664;880,4039622863495;871,483454005565;614,349269088688
43,0;880,7934472092958;871,9852890126211;615,2661584106274
43,083333333333336;881,1808077651897;872,4834386606806;616,1812951619715
43,166666666666664;881,5660759971778;872,9779490954041;617,0946683774143
43,25;881,9492834058774;873,4688660915087;618,0062670206336
43,333333333333336;882,3304609560248;873,956235044949;618,9160799823508
43,416666666666664;882,7096390831698;874,440100965665;619,8240960783445
43,5;883,0868477004093;874,9205084708743;620,7303040474166
43,583333333333336;883,4621162051521;875,3975017788886;621,6346925493098
43,666666666666664;883,8354734859088;875,8711247034339;622,5372501625764
43,75;884,206947929099;876,3414206484565;623,437965382395
43,833333333333336;884,5765674258714;876,8084326033928;624,3368266183363
43,916666666666664;884,9443593789294;877,2722031388885;625,2338221920756
44,0;885,3103507093575;877,7327744029458;626,1289403350501
44,083333333333336;885,6745678634429;878,1901881174844;627,0221691860609
44,166666666666664;886,0370368194875;878,6444855752976;627,9134967888185
44,25;886,3977830946055;879,0957076373878;628,8029110894291
44,333333333333336;886,7568317515023;879,5438947306665;629,6903999338214
44,416666666666664;887,1142074052304;879,9890868460024;630,5759510651119
44,5;887,4699342299183;880,4313235366042;631,4595521209085
44,583333333333336;887,8240359654687;880,8706439167223;632,3411906305492
44,666666666666664;888,1765359242231;881,3070866606574;633,2208540122756
44,75;888,5274569975883;881,7406900020612;634,098529570339
44,833333333333336;888,876821662623;882,1714917335165;634,9742044920387
44,916666666666664;889,224651988581;882,5995292063851;635,8478658446891
45,0;889,5709696434078;883,0248393309108;636,7195005725158
45,083333333333336;889,9157959001902;883,4474585765652;637,5890954934785
45,166666666666664;890,2591516435533;883,8674229726258;638,4566372960174
45,25;890,6010573760055;884,2847681089759;639,322112535725
45,333333333333336;890,9415332242285;884,6995291371139;640,1855076319374
45,416666666666664;891,2805989453099;885,111740771364;641,0468088642473
45,5;891,6182739329179;885,5214372902767;641,9060023689334
45,583333333333336;891,9545772234154;885,9286525382107;642,7630741353072
45,666666666666664;892,2895275019127;886,3334199270861;643,6180100019737
45,75;892,6231431082571;886,735772438301;644,4707956530054
45,833333333333336;892,9554420429582;887,1357426248015;645,3214166140261
45,916666666666664;893,2864419730491;887,5333626132992;646,1698582482045
46,0;893,61616023788;887,9286641066249;647,0161057521541
46,083333333333336;893,9446138548452;888,3216783862135;647,8601441517392
46,166666666666664;894,2718195250434;888,7124363147127;648,701958297783
46,25;894,5977936388673;889,1009683387052;649,5415328616778
46,333333333333336;894,9225522815264;889,487304491542;650,3788523308939
46,416666666666664;895,2461112384985;889,8714743962762;651,2139010043866
46,5;895,5684860009126;890,2535072686937;652,046662987898
46,583333333333336;895,8896917708595;890,633431920433;652,8771221891528
46,666666666666664;896,2097434666342;891,0112767621886;653,7052623129453
46,75;896,5286557279057;891,3870698069924;654,5310668561159
46,833333333333336;896,8464429208161;891,760838673568;655,3545191024162
46,916666666666664;897,1631191430093;892,1326105897517;656,1756021172591
47,0;897,4786982285882;892,5024123959759;656,994298742353
47,083333333333336;897,7931937530005;892,8702705488091;657,810591590218
47,166666666666664;898,1066190378547;893,2362111245499;658,6244630385834
47,25;898,4189871556637;893,600259822867;659,4358952246624
47,333333333333336;898,7303109345195;893,9624419704849;660,244870039305
47,416666666666664;899,0406029626963;894,3227825249078;661,0513691210251
47,5;899,3498755931842;894,6813060781795;661,8553738499019
47,583333333333336;899,6581409481523;895,0380368606754;662,6568653413533
47,666666666666664;899,9654109233438;895,392998744922;663,4558244397808
47,75;900,2716971924006;895,7462152494412;664,2522317120831
47,833333333333336;900,5771401662088;896,0977095426164;665,0460674410389
47,916666666666664;900,8815294160951;896,4475044465755;665,8373116185566
48,0;901,1848796846859;896,79562244109;666,6259439387912
48,083333333333336;901,4872053891019;897,1420856674853;667,4119437911269
48,166666666666664;901,7885206285596;897,4869159325602;668,1952902530247
48,25;902,0888391918044;897,830134712514;668,975962082736
48,333333333333336;902,3881745643748;898,1717631568754;669,7539377118807
48,416666666666664;902,6865399357044;898,5118220924353;670,5291952378903
48,5;902,9839482060631;898,8503320271768;671,301712416318
48,583333333333336;903,280411993341;899,1873131542033;672,0714666530135
48,666666666666664;903,5759436396792;899,5227853556606;672,8384349961674
48,75;903,87055521795;899,8567682066528;673,6025941282226
48,833333333333336;904,1642585380897;900,1892809791474;674,3639203576581
48,916666666666664;904,4570651532866;900,5205085950912;675,1223896106459
49,0;904,7489863660285;900,8501949863286;675,8779774225826
49,083333333333336;905,0400332340108;901,1783627599146;676,6306589295017
49,166666666666664;905,3302165759109;901,5050341035346;677,3804088593678
49,25;905,6195469770281;901,83023079314;678,1272015232583
49,333333333333336;905,9080347947955;902,1539742004617;678,8710108064383
49,416666666666664;906,1956901641636;902,4762853004013;679,6118101593323
49,5;906,4825230028604;902,7971846783024;680,3495725884014
49,583333333333336;906,7685430165301;903,1166925371026;681,0842706469319
49,666666666666664;907,0537597037522;903,434828704368;681,8158764257441
49,75;907,3381823609448;903,7516126392119;682,5443615438301
49,833333333333336;907,6218200871532;904,0670634390987;683,2696971389303
49,916666666666664;907,9046817887285;904,3811998465347;683,9918538580611
50,0;908,1867761838956;904,6940402556471;684,7108018480044
50,083333333333336;908,468111807216;905,0056027186523;685,426510745774
50,166666666666664;908,7486970139453;905,3159049522158;686,1389496690724
50,25;909,0285399842892;905,624964343704;686,848087206756
50,333333333333336;909,3076487275601;905,9327979573308;687,5538914093245
50,416666666666664;909,5860310862355;906,2394225401981;688,2563297794565
50,5;909,863694739921;906,544854528235;688,9553692626101
50,583333333333336;910,140647209221;906,849110052033;689,6509762377134
50,666666666666664;910,4168958595172;907,1522049425822;690,3431165079686
50,75;910,6924479046581;907,4541547369081;691,0317552917986
50,833333333333336;910,967310410562;907,7549746836102;691,7168572139633
50,916666666666664;911,241490298734;908,0546797483051;692,3983862968794
51,0;911,5149943496998;908,3532846189744;693,0763059521771
51,083333333333336;911,787829206359;908,6508037112181;693,7505789725304
51,166666666666664;912,0600013772573;908,9472511734176;694,4211675238017
51,25;912,3315172397822;909,2426408918059;695,0880331375421
51,333333333333336;912,6023830432819;909,5369864954496;695,7511367038949
51,416666666666664;912,8726049121098;909,8303013611422;696,4104384649504
51,5;913,1421888485975;910,1225986182108;697,065898008605
51,583333333333336;913,4111407359552;910,4138911532362;697,7174742629807
51,666666666666664;913,6794663411042;910,7041916146903;698,365125491465
51,75;913,9471713174405;910,993512417489;699,008809288437
51,833333333333336;914,2142612075328;911,281865747464;699,6484825757441
51,916666666666664;914,4807414457557;911,5692635657546;700,2841016000065
52,0;914,7466173608599;911,8557176131187;700,9156219308229
52,083333333333336;915,0118941784798;912,1412394141678;701,5429984599614
52,166666666666664;915,2765770235819;912,4258402815235;702,16618540162
52,25;915,5406709228537;912,7095313198995;702,7851362938508
52,333333333333336;915,8041808070345;912,9923234301084;703,3998040012408
52,416666666666664;916,0671115131914;913,2742273129959;704,0101407189552
52,5;916,3294677869386;913,5552534733027;704,6160979782454
52,583333333333336;916,5912542846044;913,8354122234558;705,217626653538
52,666666666666664;916,8524755753451;914,1147136872893;705,814676971219
52,75;917,1131361432085;914,3931678036975;706,4071985202386
52,833333333333336;917,3732403891461;914,67078433022;706,9951402646623
52,916666666666664;917,6327926329776;914,947572846561;707,5784505583039
53,0;917,8917971153076;915,2235427580418;708,1570771615764
53,083333333333336;918,150257999395;915,4987032989915;708,730967260706
53,166666666666664;918,408179372978;915,773063536072;709,3000674894562
53,25;918,665565250054;916,046632371543;709,8643239535128
53,333333333333336;918,9224195726163;916,3194185464646;710,4236822576884
53,416666666666664;919,1787462123486;916,5914306438406;710,9780875361033
53,5;919,4345489722785;916,8626770917023;711,527484485506
53,583333333333336;919,6898315883897;917,1331661661347;712,0718174018967
53,666666666666664;919,9445977311958;917,4029059942457;712,6110302206201
53,75;920,1988510072756;917,6719045570783;713,1450665600914
53,833333333333336;920,45259496077;917,9401696924695;713,6738697693222
53,916666666666664;920,7058330748436;918,2077090978529;714,197382979408
54,0;920,9585687731088;918,4745303330101;714,7155491591365
54,083333333333336;921,2108054210173;918,7406408227685;715,2283111748724
54,166666666666664;921,4625463272153;919,0060478596479;715,7356118548655
54,25;921,7137947448667;919,2707586064572;716,2373940581226
54,333333333333336;921,9645538729441;919,5347800988411;716,7336007479715
54,416666666666664;922,2148268574865;919,7981192477778;717,224175070435
54,5;922,4646167928283;920,0607828420291;717,7090604375153
54,583333333333336;922,7139267227965;920,322777550544;718,1882006154741
54,666666666666664;922,962759641879;920,5841099248147;718,6615398181722
54,75;923,2111184963643;920,8447864011888;719,1290228055092
54,833333333333336;923,4590061854532;921,1048133031359;719,5905949869804
54,916666666666664;923,7064255623426;921,3641968434707;720,046202530336
55,0;923,9533794352834;921,6229431265332;720,4957924752982
55,083333333333336;924,1998705686119;921,8810581503263;720,9393128522551
55,166666666666664;924,4459016837556;922,1385478086128;721,376712805813
55,25;924,6914754602145;922,3954178929705;721,8079427230475
55,333333333333336;924,9365945365188;922,6516740948084;722,2329543662478
55,416666666666664;925,1812615111614;922,9073220073428;722,6517010099022
55,5;925,4254789435092;923,1623671275356;723,0641375816239
55,583333333333336;925,6692493546905;923,4168148579939;723,4702208066608
55,666666666666664;925,9125752284614;923,6706705088335;723,8699093555816
55,75;926,1554590120504;923,9239392995047;724,2631639946715
55,833333333333336;926,3979031169823;924,1766263605837;724,6499477385139
55,916666666666664;926,6399099198818;924,4287367355275;725,0302260041792
56,0;926,8814817632567;924,6802753823955;725,4039667663782
56,083333333333336;927,1226209562628;924,9312471755361;725,7711407128858
56,166666666666664;927,363329775449;925,1816569072411;726,1317213994818
56,25;927,6036104654842;925,4315092893668;726,4856854036036
56,333333333333336;927,8434652398668;925,6808089549234;726,8330124758548
56,416666666666664;928,0828962816156;925,9295604596329;727,1736856884706
56,5;928,3219057439449;926,1777682834562;727,5076915797977
56,583333333333336;928,5604957509216;926,4254368320902;727,8350202938163
56,666666666666664;928,7986683981073;926,6725704384346;728,1556657137043
56,75;929,0364257531836;926,9191733640301;728,4696255884248
56,833333333333336;929,2737698565625;927,1652498004681;728,7769016513155
56,916666666666664;929,5107027219813;927,4108038707719;729,0774997296529
57,0;929,7472263370834;927,6558396307507;729,371429844187
57,083333333333336;929,983342663984;927,9003610703269;729,6587062976593
57,166666666666664;930,2190536398224;928,144372114836;729,9393477513605
57,25;930,4543611773006;928,3878766263016;730,213377288831
57,333333333333336;930,6892671652082;928,6308784046845;730,4808224658711
57,416666666666664;930,9237734689348;928,8733811891066;730,7417153461039
57,5;931,1578819309694;929,1153886590504;730,9960925214186
57,583333333333336;931,3915943713881;929,3569044355348;731,2439951167252
57,666666666666664;931,6249125883287;929,597932082267;731,4854687785544
57,75;931,8578383584547;929,838475106771;731,7205636471625
57,833333333333336;932,0903734374073;930,0785369614945;731,9493343119224
57,916666666666664;932,3225195602461;930,3181210448919;732,1718397499177
58,0;932,5542784418794;930,5572307024871;732,3881432477962
58,083333333333336;932,785651777484;930,7958692279141;732,5983123070766
58,166666666666664;933,0166412429137;931,0340398639362;732,8024185332484
58,25;933,2472484950989;931,2717458034459;733,0005375091422
58,333333333333336;933,4774751724358;931,5089901904437;733,1927486531869
58,416666666666664;933,7073228951662;931,7457761209968;733,3791350633019
58,5;933,9367932657477;931,9821066441796;733,5597833472951
58,583333333333336;934,1658878692155;932,2179847629941;733,7347834407548
58,666666666666664;934,3946082735341;932,4534134352723;733,9042284135234
58,75;934,622956029942;932,68839557456;734,0682142659373
58,833333333333336;934,8509326732864;932,9229340509827;734,2268397160888
58,916666666666664;935,0785397223507;933,1570316920939;734,3802059794291
59,0;935,3057786801737;933,3906912837069;734,5284165420812
59,083333333333336;935,532651034361;933,6239155707082;734,6715769292551
59,166666666666664;935,7591582573888;933,8567072578559;734,8097944701768
59,25;935,9853018069;934,0890690105609;734,9431780609373
59,333333333333336;936,2110831259938;934,3210034556529;735,0718379266497
59,416666666666664;936,4365036435074;934,5525131821298;735,2005465737325
59,5;936,6615647742917;934,7836007418931;735,3329632281736
59,583333333333336;936,8862679194793;935,0142686504672;735,4691692520679
59,666666666666664;937,110614466747;935,2445193877048;735,6092462792153
59,75;937,3346057905713;935,4743553984775;735,753276126606
59,833333333333336;937,5582432524778;935,7037790933523;735,9013407022645
59,916666666666664;937,7815282012849;935,9327928492544;736,0535219095967
60,0;938,004461973341;936,1613990101167;736,20990154841
60,083333333333336;938,2270458927567;936,3895998875157;736,3705612127962
60,166666666666664;938,4492812716308;936,617397761294;736,5355821860932
60,25;938,6711694102711;936,8447948801711;736,7050453331614
60,333333333333336;938,8927115974101;937,0717934623408;736,8790309902374
60,416666666666664;939,113909110415;937,2983956960567;737,0576188526438
60,5;939,334763215493;937,5246037402059;737,2408878606594
60,583333333333336;939,555275167892;937,7504197248705;737,4289160838725
60,666666666666664;939,7754462120955;937,9758457518781;737,6217806043574
60,75;939,9952775820143;938,2008838953401;737,8195573990321
60,833333333333336;940,2147705011721;938,4255362021804;738,0223212215718
60,916666666666664;940,4339261828878;938,649804692652;738,2301454842625
61,0;940,6527458304529;938,8736913608432;738,4431021401938
61,083333333333336;940,871230637305;939,0971981751741;738,6612615661968
61,166666666666664;941,0893817871969;939,3203270788823;738,8846924469407
61,25;941,3072004543619;939,5430799904987;739,1134616606031
61,333333333333336;941,5246878036754;939,7654588043134;739,3476341665336
61,416666666666664;941,7418449908121;939,9874653908328;739,587272895326
61,5;941,9586731623999;940,2091015972258;739,8324386417108
61,583333333333336;942,1751734561705;940,4303692477624;740,0831899606723
61,666666666666664;942,3913470011056;940,6512701442426;740,3395830671845
61,75;942,6071949175806;940,8718060664163;740,6016717399488
61,833333333333336;942,8227183175045;941,0919787723947;740,869507229495
61,916666666666664;943,0379183044564;941,3117899990533;741,1431381709983
62,0;943,2527959738192;941,5312414624269;741,422610502135
62,083333333333336;943,4673524129099;941,7503348580958;741,7079673862814
62,166666666666664;943,6815887011074;941,9690718615645;741,9992491413369
62,25;943,8955059099766;942,1874541286328;742,296493174418
62,333333333333336;944,1091051033899;942,4054832957585;742,5997339226503
62,416666666666664;944,3223873376465;942,6231609804134;742,9090028002488
62,5;944,5353536615885;942,840488781432;743,2243281520473
62,583333333333336;944,7480051167137;943,057468279352;743,5457352136069
62,666666666666664;944,9603427372873;943,274101036749;743,873246078
62,75;945,1723675504498;943,4903885985641;744,2068796693309
62,833333333333336;945,3840805763232;943,7063324924236;744,5466517230261
62,916666666666664;945,5954828281142;943,9219342289537;744,892574772889
63,0;945,8065753122157;944,1371953020877;745,2446581448849
63,083333333333336;946,0173590283056;944,3521171893675;745,6029079575901
63,166666666666664;946,2278349694435;944,5667013522384;745,9673271292091
63,25;946,4380041221655;944,7809492363378;746,3379153910317
63,333333333333336;946,6478674665761;944,9948622717787;746,7146693071795
63,416666666666664;946,8574259764395;945,2084418734265;747,0975823004603
63,5;947,0666806192669;945,4216894411707;747,4866446841291
63,583333333333336;947,275632356404;945,6346063601903;747,8818436993288
63,666666666666664;947,484282143115;945,8471940012153;748,2831635579666
63,75;947,6926309286655;946,0594537207804;748,6905854907632
63,833333333333336;947,9006796564033;946,271386861476;749,1040878001955
63,916666666666664;948,1084292638379;946,4829947521922;749,5236459180431
64,0;948,3158806827175;946,694278708359;749,9492324672342
64,08333333333333;948,5230348391051;946,9052400321805;750,3808173276817
64,16666666666667;948,7298926534523;947,1158800128654;750,8183677057913
64,25;948,9364550406726;947,3261999268522;751,2618482073195
64,33333333333333;949,1427229102118;947,536201038029;751,7112209132598
64,41666666666667;949,3486971661174;947,7458845979511;752,1664454584304
64,5;949,5543787071074;947,9552518460513;752,6274791124446
64,58333333333333;949,7597684266361;948,1643040098479;753,0942768627432
64,66666666666667;949,9648672129599;948,3730423051478;753,566791499377
64,75;950,1696759492008;948,5814679362453;754,0449737012332
64,83333333333333;950,3741955134093;948,7895820961171;754,5287721234062
64,91666666666667;950,5784267786253;948,9973859666133;755,018133485426
65,0;950,7823706129382;949,2048807186441;755,5130026600646
65,08333333333333;950,9860278795456;949,4120675123633;756,0133227624534
65,16666666666667;951,1893994368113;949,6189474973474;756,5190352392581
65,25;951,3924861383208;949,8255218127723;757,0300799576679
65,33333333333333;951,5952888329374;950,0317915875843;757,5463952939717
65,41666666666667;951,7978083648559;950,2377579406697;758,067918221506
65,5;952,0000455736557;950,4434219810198;758,5945843977745
65,58333333333333;952,202001294353;950,648784807893;759,1263282505519
65,66666666666667;952,4036763574512;950,853847510973;759,6630830628012
65,75;952,6050715889917;951,0586111705248;760,2047810562461
65,83333333333333;952,8061878106021;951,2630768575469;760,7513534734537
65,91666666666667;953,0070258395447;951,4672456339201;761,3027306582982
66,0;953,2075864887632;951,671118552554;761,8588421346893
66,08333333333333;953,4078705669297;951,8746966575302;762,4196166834621
66,16666666666667;953,6078788784886;952,0779809842426;762,9849824173358
66,25;953,8076122237023;952,2809725595348;763,5548668538656
66,33333333333333;954,0070713986943;952,4836724018352;764,1291969863197
66,41666666666667;954,2062571954917;952,6860815212885;764,7078993524256
66,5;954,4051704020678;952,8882009198857;765,2909001009426
66,58333333333333;954,6038118023826;953,09003159159;765,8781250560243
66,66666666666667;954,8021821764233;953,291574522462;766,4694997793464
66,75;955,0002823002447;953,4928306907808;767,0649496299845
66,83333333333333;955,1981129460072;953,6938010671633;767,6643998220329
66,91666666666667;955,3956748820153;953,8944866146815;768,2677754799641
67,0;955,5929688727556;954,0948882889766;768,8750016917376
67,08333333333333;955,7899956789329;954,2950070383719;769,4860035596689
67,16666666666667;955,9867560575069;954,4948438039821;770,1007062490809
67,25;956,1832507617277;954,6943995198219;770,7190350347598
67,33333333333333;956,3794805411706;954,8936751129112;771,3409153452483
67,41666666666667;956,5754461417703;955,0926715033787;771,9662728050068
67,5;956,7711483058549;955,2913896045641;772,5950332744846
67,58333333333333;956,9665877721789;955,4898303231168;773,2271228881392
67,66666666666667;957,1617652759554;955,6879945590942;773,8624680904502
67,75;957,3566815488889;955,885883206057;774,5009956699746
67,83333333333333;957,5513373192058;956,0834971511628;775,1426327914924
67,91666666666667;957,745733311686;956,2808372752586;775,787307026294
68,0;957,939870247693;956,4779044529705;776,4349463806628
68,08333333333333;958,1337488452039;956,6746995527922;777,0854793226049
68,16666666666667;958,3273698188386;956,8712234371715;777,7388348068828
68,25;958,5207338798891;957,0674769625955;778,3949422984076
68,33333333333333;958,7138417363477;957,2634609796737;779,0537317940448
68,41666666666667;958,9066940929348;957,4591763332196;779,7151338428903
68,5;959,0992916511268;957,6546238623309;780,3790795650729
68,58333333333333;959,291635109183;957,8498044004681;781,0455006691371
68,66666666666667;959,483725162172;958,0447187755312;781,7143294680632
68,75;959,6755625019988;958,2393678099356;782,3854988939773
68,83333333333333;959,8671478174296;958,4337523206858;783,0589425116077
68,91666666666667;960,0584817941177;958,6278731194482;783,734594530537
69,0;960,2495651146288;958,8217310126222;784,4123898163057
69,08333333333333;960,4403984584651;959,0153268014104;785,0922639004149
69,16666666666667;960,6309825020901;959,2086612818867;785,7741529892811
69,25;960,8213179189521;959,401735245064;786,4579939721892
69,33333333333333;961,0114053795081;959,5945494769595;787,1437244282927
69,41666666666667;961,2012455512469;959,78710475866;787,8312826327062
69,5;961,3908390987116;959,979401866385;788,5206075617375
69,58333333333333;961,5801866835228;960,1714415715493;789,2116388972988
69,66666666666667;961,7692889644005;960,3632246408233;789,904317030543
69,75;961,9581465971856;960,5547518361941;790,5985830647642
69,83333333333333;962,1467602348623;960,7460239150233;791,2943788176018
69,91666666666667;962,3351305275786;960,9370416301052;791,9916468225866
70,0;962,5232581226676;961,1278057297234;792,6903303300661
70,08333333333333;962,7111436646683;961,318316957706;793,3903733075431
70,16666666666667;962,8987877953458;961,5085760534806;794,0917204394628
70,25;963,0861911537115;961,6985837521278;794,7943171264809
70,33333333333333;963,273354376043;961,8883407844331;795,4981094842432
70,41666666666667;963,4602780959034;962,0778478769395;796,2030443417079
70,5;963,6469629441609;962,267105751997;796,9090692390391
70,58333333333333;963,8334095490079;962,4561151278131;797,616132425098
70,66666666666667;964,0196185359795;962,6448767185012;798,3241828545607
70,75;964,2055905279722;962,8333912341287;799,0331701846849
70,83333333333333;964,3913261452624;963,0216593807637;799,7430447717517
70,91666666666667;964,5768260055241;963,2096818605214;800,4537576672047
71,0;964,7620907238473;963,3974593716094;801,1652606135086
71,08333333333333;964,947120912755;963,5849926083722;801,8775060397473
71,16666666666667;965,1319171822211;963,7722822613347;802,5904470569826
71,25;965,3164801396871;963,9593290172454;803,3040374533917
71,33333333333333;965,5008103900797;964,1461335591185;804,0182316892016
71,41666666666667;965,6849085358269;964,3326965662752;804,7329848914368
71,5;965,8687751768754;964,5190187143844;805,4482528484984
71,58333333333333;966,0524109107059;964,7051006755025;806,1639920045876
71,66666666666667;966,2358163323502;964,8909431181132;806,8801594539888
71,75;966,4189920344065;965,0765467071653;807,5967129352274
71,83333333333333;966,6019386070558;965,2619121041112;808,3136108251142
71,91666666666667;966,7846566380769;965,4470399669435;809,0308121326879
72,0;966,9671467128621;965,6319309502323;809,7482764930687
72,08333333333333;967,1494094144327;965,8165857051606;810,4659641612343
72,16666666666667;967,3314453234536;966,0010048795598;811,1838360057259
72,25;967,5132550182485;966,1851891179442;811,9018535022976
72,33333333333333;967,6948390748146;966,3691390615455;812,6199787275158
72,41666666666667;967,8761980668369;966,5528553483462;813,3381743523179
72,5;968,057332565703;966,736338613112;814,0564036355386
72,58333333333333;968,238243140517;966,9195894874254;814,7746304174115
72,66666666666667;968,4189303581142;967,1026085997161;815,4928191130524
72,75;968,5993947830739;967,2853965752935;816,2109347059323
72,83333333333333;968,7796369777344;967,4679540363769;816,9289427413445
72,91666666666667;968,9596575022061;967,650281602126;817,6468093198731
73,0;969,1394569143849;967,8323798886705;818,3645010908684
73,08333333333333;969,3190357699657;968,0142495091395;819,081985245933
73,16666666666667;969,4983946224556;968,1958910736902;819,7992295124241
73,25;969,6775340231873;968,3773051895363;820,5162021469773
73,33333333333333;969,8564545213312;968,558492460976;821,2328719290546
73,41666666666667;970,0351566639093;968,7394534894192;821,9492081545199
73,5;970,2136409958072;968,9201888734145;822,6651806292484
73,58333333333333;970,3919080597865;969,1006992086758;823,38075966277
73,66666666666667;970,5699583964981;969,2809850881083;824,0959160619504
73,75;970,7477925444937;969,4610471018344;824,8106211247151
73,83333333333333;970,9254110402381;969,6408858372188;825,5248466338146
73,91666666666667;971,102814418122;969,8205018788932;826,2385648506371
74,0;971,2800032104727;969,9998958087813;826,9517485090682
74,08333333333333;971,4569779475673;970,1790682061225;827,6643708094008
74,16666666666667;971,6337391576435;970,3580196474957;828,3764054122962
74,25;971,8102873669114;970,5367507068427;829,0878264327988
74,33333333333333;971,9866230995653;970,7152619554911;829,7986084344046
74,41666666666667;972,1627468777949;970,8935539621772;830,5087264231862
74,5;972,3386592217967;971,071627293068;831,2181558419743
74,58333333333333;972,5143606497849;971,2494825117833;831,9268725645971
74,66666666666667;972,6898516780029;971,4271201794172;832,6348528901785
74,75;972,8651328207343;971,6045408545597;833,3420735374958
74,83333333333333;973,0402045903132;971,781745093317;834,0485116393972
74,91666666666667;973,2150674971359;971,9587334493332;834,7541447372806
75,0;973,3897220496707;972,1355064738096;835,4589507756328
75,08333333333333;973,564168754469;972,3120647155255;836,1629080966304
75,16666666666667;973,7384081161761;972,4884087208575;836,8659954348025
75,25;973,9124406375407;972,6645390337992;837,5681919117548
75,33333333333333;974,0862668194263;972,8404561959804;838,2694770309564
75,41666666666667;974,2598871608207;973,0161607466858;838,9698306725882
75,5;974,4333021588463;973,1916532228739;839,6692330884528
75,58333333333333;974,6065123087707;973,3669341591951;840,3676648969474
75,66666666666667;974,7795181040158;973,54200408801;841,0651070780978
75,75;974,9523200361684;973,7168635394072;841,7615409686535
75,83333333333333;975,1249185949899;973,8915130412207;842,4569482572458
75,91666666666667;975,2973142684257;974,0659531190478;843,1513109796048
76,0;975,469507542615;974,2401842962654;843,8446115138389
76,08333333333333;975,6414989019008;974,4142070940477;844,5368325757743
76,16666666666667;975,813288828839;974,5880220313821;845,2279572143536
76,25;975,9848778042076;974,7616296250864;845,9179688070956
76,33333333333333;976,1562663070166;974,9350303898239;846,6068510556124
76,41666666666667;976,3274548145171;975,1082248381205;847,2945879811872
76,5;976,4984438022101;975,2812134803797;847,9811639204083
76,58333333333333;976,6692337438562;975,4539968248986;848,6665635208626
76,66666666666667;976,8398251114845;975,6265753778829;849,3507717368846
76,75;977,0102183754012;975,7989496434622;850,0337738253631
76,83333333333333;977,1804140041991;975,9711201237047;850,715555341604
76,91666666666667;977,3504124647659;976,1430873186325;851,3961021352472
77,0;977,5202142222936;976,3148517262355;852,0754003462399
77,08333333333333;977,6898197402865;976,486413842486;852,7534364008632
77,16666666666667;977,8592294805702;976,6577741613529;853,4301970078125
77,25;978,0284439033006;976,8289331748159;854,1056691543312
77,33333333333333;978,1974634669716;976,999891372879;854,7798401023963
77,41666666666667;978,3662886284242;977,1706492435841;855,4526973849562
77,5;978,5349198428544;977,3412072730246;856,124228802219
77,58333333333333;978,7033575638219;977,5115659453588;856,7944224179919
77,66666666666667;978,8716022432583;977,6817257428231;857,4632665560699
77,75;979,0396543314752;977,8516871457444;858,1307497966741
77,83333333333333;979,2075142771723;978,0214506325538;858,7968609729378
77,91666666666667;979,3751825274458;978,1910166797982;859,4615891674414
78,0;979,5426595277959;978,3603857621538;860,1249237087936
78,08333333333333;979,7099457221353;978,529558352438;860,7868541682602
78,16666666666667;979,8770415527969;978,6985349216216;861,4473703564375
78,25;980,0439474605414;978,8673159388406;862,1064623199724
78,33333333333333;980,2106638845656;979,035901871409;862,7641203383258
78,41666666666667;980,3771912625099;979,2042931848296;863,4203349205815
78,5;980,5435300304657;979,3724903428061;864,075096802297
78,58333333333333;980,7096806229837;979,5404938072547;864,7283969423981
78,66666666666667;980,8756434730807;979,7083040383152;865,3802265201153
78,75;981,0414190122478;979,8759214943623;866,0305769319616
78,83333333333333;981,2070076704576;980,0433466320169;866,6794397887514
78,91666666666667;981,3724098761716;980,210579906157;867,3268069126598
79,0;981,5376260563474;980,3776217699286;867,9726703343213
79,08333333333333;981,7026566364466;980,5444726747563;868,617022289968
79,16666666666667;981,8675020404414;980,711133070354;869,2598552186059
79,25;982,0321626908224;980,8776034047355;869,9011617592301
79,33333333333333;982,1966390086052;981,0438841242249;870,540934748076
79,41666666666667;982,3609314133381;981,2099756734667;871,1791672159083
79,5;982,5250403231089;981,3758784954363;871,8158523853461
79,58333333333333;982,6889661545518;981,5415930314496;872,450983668224
79,66666666666667;982,8527093228548;981,7071197211733;873,0845546629873
79,75;983,016270241766;981,8724590026349;873,7165591521233
79,83333333333333;983,1796493236013;982,0376113122318;874,3469910996255
79,91666666666667;983,3428469792506;982,2025770847417;874,9758446484921
80,0;983,5058636181847;982,3673567533318;875,6031141182573
80,08333333333333;983,6686996484623;982,5319507495681;876,2287940025556
80,16666666666667;983,8313554767368;982,6963595034248;876,8528789667171
80,25;983,9938315082625;982,860583443294;877,4753638453957
80,33333333333333;984,1561281469017;983,0246229959944;878,0962436402276
80,41666666666667;984,3182457951308;983,1884785867803;878,7155135175204
80,5;984,4801848540475;983,3521506393511;879,3331688059731
80,58333333333333;984,6419457233766;983,5156395758594;879,9492049944242
80,66666666666667;984,803528801477;983,6789458169208;880,5636177296316
80,75;984,9649344853478;983,8420697816217;881,1764028140782
80,83333333333333;985,1261631706349;984,0050118875284;881,7875562038084
80,91666666666667;985,2872152516369;984,1677725506958;882,3970740062912
81,0;985,448091121312;984,3303521856751;883,0049524783109
81,08333333333333;985,608791171284;984,4927512055232;883,6111880238855
81,16666666666667;985,7693157918483;984,6549700218103;884,2157771922108
81,25;985,9296653719783;984,8170090446283;884,8187166756318
81,33333333333333;986,0898402993316;984,978868682599;885,4200033076389
81,41666666666667;986,2498409602559;985,1405493428822;886,0196340608904
81,5;986,4096677397954;985,3020514311836;886,6176060452595
81,58333333333333;986,5693210216962;985,4633753517628;887,2139165059066
81,66666666666667;986,728801188413;985,624521507441;887,808562821375
81,75;986,8881086211144;985,7854902996093;888,4015425017116
81,83333333333333;987,0472436996896;985,9462821282353;888,9928531866105
81,91666666666667;987,2062068027535;986,1068973918722;889,5824926435804
82,0;987,3649983076531;986,267336487665;890,170458766134
82,08333333333333;987,5236185904728;986,4275998113592;890,7567495720007
82,16666666666667;987,6820680260406;986,5876877573072;891,3413632013619
82,25;987,8403469879337;986,7476007184763;891,9242979151069
82,33333333333333;987,9984558484841;986,9073390864559;892,5055520931116
82,41666666666667;988,1563949787845;987,0669032514644;893,0851242325381
82,5;988,3141647486938;987,2262936023571;893,6630129461545
82,58333333333333;988,4717655268423;987,3855105266326;894,2392169606767
82,66666666666667;988,6291976806382;987,5445544104402;894,8137351151295
82,75;988,7864615762722;987,7034256385869;895,3865663592281
82,83333333333333;988,9435575787236;987,8621245945441;895,9577097517797
82,91666666666667;989,1004860517654;988,0206516604549;896,5271644591037
83,0;989,25724735797;988,1790072171405;897,094929753472
83,08333333333333;989,4138418587144;988,3371916441072;897,6610050115678
83,16666666666667;989,5702699141857;988,4952053195533;898,225389712963
83,25;989,7265318833864;988,6530486203752;898,7880834386142
83,33333333333333;989,8826281241398;988,8107219221745;899,349085869377
83,41666666666667;990,0385589930951;988,9682255992643;899,9083967845373
83,5;990,1943248457327;989,125560024676;900,4660160603619
83,58333333333333;990,3499260363694;989,2827255701652;901,0220752320993
83,66666666666667;990,5053629181638;989,4397226062185;901,5761485316763
83,75;990,660635843121;989,59655150206;902,1282422591881
83,83333333333333;990,8157451620983;989,753212625657;902,6783627174584
83,91666666666667;990,9706912248099;989,909706343727;903,2265162117912
84,0;991,125474379832;990,066033021743;903,772709049726
84,08333333333333;991,2800949746079;990,2221930239405;904,3169475407931
84,16666666666667;991,4345533554531;990,3781867133231;904,8592379962716
84,25;991,5888498675602;990,5340144516687;905,3995867289493
84,33333333333333;991,7429848550036;990,6896765995355;905,9380000528831
84,41666666666667;991,8969586607449;990,8451735162679;906,4744842831628
84,5;992,0507716266374;991,0005055600026;907,0090457356755
84,58333333333333;992,2044240934312;991,1556730876741;907,5416907268719
84,66666666666667;992,357916400778;991,3106764550212;908,0724255735355
84,75;992,5112488872356;991,4655160165917;908,6012565925515
84,83333333333333;992,6644218902733;991,6201921257493;909,1281901006797
84,91666666666667;992,817435746276;991,7747051346788;909,6532324143275
85,0;992,9702907905494;991,9290553943914;910,1763898493253
85,08333333333333;993,1229873573243;992,0832432547309;910,6976687207045
85,16666666666667;993,2755257797618;992,2372690643788;911,2170753424754
85,25;993,4279063899575;992,3911331708604;911,7346160274085
85,33333333333333;993,5801295189461;992,5448359205496;912,2502970868173
85,41666666666667;993,7321954967066;992,6983776586751;912,7641248303426
85,5;993,8841046521659;992,8517587293252;913,2761055657379
85,58333333333333;994,0358573132042;993,0049794754533;913,7862455986585
85,66666666666667;994,1874538066594;993,1580402388836;914,2945512324504
85,75;994,338894458331;993,310941360316;914,8010287679424
85,83333333333333;994,490179592985;993,4636831793314;915,3056845032389
85,91666666666667;994,6413095343586;993,6162660343973;915,8085247335156
86,0;994,7922846051641;993,7686902628726;916,309555750816
86,08333333333333;994,9431051270936;993,9209562010129;916,8087838438505
86,16666666666667;995,0937714208234;994,0730641839756;917,3062152977967
86,25;995,244283806018;994,2250145458249;917,8018563941017
86,33333333333333;995,3946426013349;994,3768076195372;918,2957134102866
86,41666666666667;995,5448481244287;994,5284437370055;918,7877926197518
86,5;995,694900691955;994,6799232290451;919,2781002915855
86,58333333333333;995,8448006195754;994,8312464253979;919,7666426903725
86,66666666666667;995,9945482219612;994,9824136547378;920,2534260760059
86,75;996,1441438127977;995,1334252446753;920,7384567035002
86,83333333333333;996,2935877047884;995,2842815217625;921,221740822806
86,91666666666667;996,4428802096592;995,4349828114978;921,703284678627
87,0;996,5920216381626;995,5855294383306;922,1830945102381
87,08333333333333;996,7410123000817;995,7359217256665;922,6611765513057
87,16666666666667;996,8898525042343;995,8861599958715;923,1375370297102
87,25;997,038542558477;996,0362445702771;923,6121821673689
87,33333333333333;997,1870827697093;996,1861757691845;924,0851181800625
87,41666666666667;997,3354734438775;996,3359539118699;924,5563512772619
87,5;997,4837148859789;996,4855793165882;925,0258876619575
87,58333333333333;997,6318074000656;996,6350523005786;925,4937335304901
87,66666666666667;997,7797512892483;996,7843731800683;925,9598950723833
87,75;997,927546855701;996,9335422702775;926,4243784701785
87,83333333333333;998,0751944006641;997,0825598854236;926,8871898992701
87,91666666666667;998,2226942244486;997,231426338726;927,3483355277444
88,0;998,3700466264397;997,3801419424101;927,8078215162187
88,08333333333333;998,5172519051015;997,5287070077119;928,2656540176828
88,16666666666667;998,6643103579798;997,6771218448825;928,7218391773421
88,25;998,8112222817067;997,8253867631926;929,1763831324625
88,33333333333333;998,9579879720038;997,973502070936;929,6292920122172
88,41666666666667;999,1046077236865;998,1214680754348;930,0805719375346
88,5;999,2510818306674;998,2692850830433;930,5302290209487
88,58333333333333;999,3974105859602;998,4169533991522;930,9782693664506
88,66666666666667;999,5435942816833;998,564473328193;931,4246990693423
88,75;999,6896332090637;998,7118451736418;931,8695242160916
88,83333333333333;999,8355276584404;998,859069238024;932,3127508841887
88,91666666666667;999,9812779192681;999,0061458229179;932,7543851420057
89,0;1000,1268842801214;999,1530752289594;933,1944330486557
89,08333333333333;1000,2723470286975;999,2998577558456;933,6329006538555
89,16666666666667;1000,4176664518204;999,4464937023389;934,0697939977888
89,25;1000,5628428354446;999,5929833662714;934,5051191109719
89,33333333333333;1000,7078764646579;999,7393270445484;934,9388820141202
89,41666666666667;1000,8527676236861;999,885525033153;935,371088718017
89,5;1000,9975165958953;1000,0315776271497;935,8017452233836
89,58333333333333;1001,1421236637962;1000,1774851206881;936,2308575207516
89,66666666666667;1001,2865891090476;1000,3232478070073;936,6584315903358
89,75;1001,4309132124594;1000,4688659784396;937,08447340191
89,83333333333333;1001,5750962539962;1000,6143399264143;937,5089889146833
89,91666666666667;1001,7191385127813;1000,7596699414619;937,9319840771788
90,0;1001,8630402670993;1000,9048563132172;938,3534648271134
90,08333333333333;1002,0068017944;1001,0498993304241;938,7734370912797
90,16666666666667;1002,1504233713015;1001,1947992809382;939,1919067854288
90,25;1002,2939052735939;1001,3395564517319;939,6088798141558
90,33333333333333;1002,4372477762423;1001,4841711288971;940,0243620707853
90,41666666666667;1002,5804511533905;1001,6286435976491;940,4383594372601
90,5;1002,7235156783639;1001,7729741423309;940,8508777840304
90,58333333333333;1002,8664416236732;1001,9171630464161;941,261922969945
90,66666666666667;1003,0092292610171;1002,0612105925132;941,6715008421438
90,75;1003,1518788612865;1002,2051170623688;942,0796172359522
90,83333333333333;1003,2943906945668;1002,3488827368712;942,486277974777
90,91666666666667;1003,4367650301417;1002,4925078960545;942,891488870003
91,0;1003,5790021364961;1002,6359928191014;943,2952557208924
91,08333333333333;1003,7211022813195;1002,7793377843476;943,6975843144852
91,16666666666667;1003,8630657315093;1002,9225430692846;944,0984804255003
91,25;1004,0048927531735;1003,0656089505638;944,4979498162395
91,33333333333333;1004,1465836116342;1003,2085357039996;944,8959982364921
91,41666666666667;1004,2881385714309;1003,3513236045728;945,292631423441
91,5;1004,429557896323;1003,4939729264346;945,6878551015707
91,58333333333333;1004,5708418492936;1003,6364839429094;946,0816749825764
91,66666666666667;1004,7119906925521;1003,7788569264989;946,4740967652748
91,75;1004,8530046875376;1003,9210921488846;946,8651261355161
91,83333333333333;1004,9938840949216;1004,0631898809319;947,2547687660976
91,91666666666667;1005,1346291746113;1004,2051503926934;947,643030316679
92,0;1005,2752401857526;1004,346973953412;948,0299164336981
92,08333333333333;1005,4157173867331;1004,4886608315242;948,4154327502897
92,16666666666667;1005,5560610351849;1004,6302112946636;948,799584886204
92,25;1005,696271387988;1004,7716256096642;949,1823784477276
92,33333333333333;1005,8363487012726;1004,9129040425635;949,5638190276057
92,41666666666667;1005,9762932304229;1005,0540468586058;949,9439122049652
92,5;1006,1161052300794;1005,1950543222455;950,3226635452395
92,58333333333333;1006,2557849541419;1005,3359266971503;950,7000786000951
92,66666666666667;1006,3953326557727;1005,4766642462043;951,0761629073588
92,75;1006,5347485873991;1005,6172672315115;951,4509219909467
92,83333333333333;1006,6740330007167;1005,7577359143984;951,824361360794
92,91666666666667;1006,8131861466918;1005,8980705554177;952,1964865127874
93,0;1006,9522082755648;1006,0382714143512;952,567302928697
93,08333333333333;1007,0910996368524;1006,178338750213;952,9368160761113
93,16666666666667;1007,2298604793509;1006,3182728212523;953,305031408372
93,25;1007,368491051139;1006,4580738849569;953,6719543645112
93,33333333333333;1007,5069915995801;1006,5977421980559;954,0375903691894
93,41666666666667;1007,6453623713257;1006,7372780165232;954,4019448326346
93,5;1007,7836036123178;1006,8766815955801;954,7650231505833
93,58333333333333;1007,9217155677917;1007,0159531896983;955,1268307042218
93,66666666666667;1008,0596984822787;1007,1550930526034;955,4873728601299
93,75;1008,1975525996091;1007,2941014372775;955,8466549702247
93,83333333333333;1008,3352781629146;1007,432978595962;956,2046823717067
93,91666666666667;1008,4728754146312;1007,5717247801612;956,561460387006
94,0;1008,6103445965015;1007,7103402406443;956,9169943237312
94,08333333333333;1008,747685949578;1007,8488252274493;957,2712894746173
94,16666666666667;1008,8848997142252;1007,9871799898852;957,6243511174777
94,25;1009,0219861301226;1008,1254047765353;957,9761845151542
94,33333333333333;1009,1589454362672;1008,26349983526;958,3267949154709
94,41666666666667;1009,295777870976;1008,4014654131992;958,676187551188
94,5;1009,4324836718889;1008,539301756776;959,0243676399562
94,58333333333333;1009,5690630759708;1008,6770091116989;959,3713403842736
94,66666666666667;1009,7055163195149;1008,8145877229648;959,7171109714429
94,75;1009,8418436381446;1008,9520378348618;960,06168457353
94,83333333333333;1009,9780452668164;1009,0893596909721;960,4050663473232
94,91666666666667;1010,1141214398224;1009,2265535341744;960,7472614342947
95,0;1010,2500723907928;1009,3636196066473;961,0882749605619
95,08333333333333;1010,3858983526983;1009,5005581498713;961,4281120368503
95,16666666666667;1010,5215995578529;1009,6373694046322;961,766777758458
95,25;1010,6571762379162;1009,7740536110234;962,1042772052205
95,33333333333333;1010,7926286238959;1009,9106110084489;962,4406154414766
95,41666666666667;1010,9279569461502;1010,0470418356256;962,7757975160363
95,5;1011,0631614343904;1010,1833463305863;963,1098284621487
95,58333333333333;1011,1982423176833;1010,3195247306825;963,4427132974712
95,66666666666667;1011,3331998244535;1010,4555772725863;963,77445702404
95,75;1011,4680341824861;1010,5915041922942;964,1050646282416
95,83333333333333;1011,602745618929;1010,7273057251286;964,4345410807853
95,91666666666667;1011,7373343602952;1010,8629821057413;964,7628913366758
96,0;1011,8718006324651;1010,9985335681152;965,0901203351888
96,08333333333333;1012,0061446606893;1011,1339603455681;965,4162329998452
96,16666666666667;1012,1403666695905;1011,2692626707538;965,7412342383884
96,25;1012,2744668831663;1011,404440775666;966,0651289427612
96,33333333333333;1012,408445524791;1011,53949489164;966,387921989084
96,41666666666667;1012,5423028172183;1011,6744252493554;966,7096182376341
96,5;1012,6760389825839;1011,8092320788392;967,0302225328262
96,58333333333333;1012,8096542424071;1011,9439156094672;967,3497397031929
96,66666666666667;1012,9431488175934;1012,0784760699677;967,6681745613673
96,75;1013,0765229284373;1012,212913688423;967,9855319040657
96,83333333333333;1013,2097767946237;1012,3472286922726;968,3018165120716
96,91666666666667;1013,342910635231;1012,481421308315;968,6170331502201
97,0;1013,4759246687327;1012,6154917627109;968,931186567384
97,08333333333333;1013,6088191129999;1012,749440280985;969,2442814964601
97,16666666666667;1013,7415941853037;1012,8832670880288;969,5563226543566
97,25;1013,8742501023173;1013,0169724081027;969,8673147419813
97,33333333333333;1014,0067870801181;1013,1505564648386;970,1772624442311
97,41666666666667;1014,1392053341899;1013,2840194812424;970,4861704299814
97,5;1014,2715050794254;1013,417361679696;970,7940433520773
97,58333333333333;1014,4036865301282;1013,5505832819601;971,1008858473252
97,66666666666667;1014,5357499000147;1013,6836845091765;971,4067025364851
97,75;1014,6676954022169;1013,8166655818699;971,711498024264
97,83333333333333;1014,7995232492837;1013,9495267199508;972,0152768993097
97,91666666666667;1014,9312336531838;1014,0822681427178;972,3180437342064
98,0;1015,0628268253076;1014,2148900688596;972,6198030854695
98,08333333333333;1015,1943029764693;1014,3473927164575;972,9205594935423
98,16666666666667;1015,3256623169087;1014,4797763029877;973,2203174827937
98,25;1015,456905056294;1014,6120410453234;973,5190815615153
98,33333333333333;1015,5880314037231;1014,7441871597372;973,8168562219212
98,41666666666667;1015,7190415677263;1014,8762148619033;974,1136459401463
98,5;1015,8499357562682;1015,0081243669001;974,4094551762475
98,58333333333333;1015,9807141767496;1015,1399158892116;974,7042883742041
98,66666666666667;1016,1113770360098;1015,2715896427304;974,9981499619196
98,75;1016,2419245403282;1015,4031458407597;975,2910443512241
98,83333333333333;1016,3723568954272;1015,5345846960155;975,5829759378773
98,91666666666667;1016,5026743064732;1015,6659064206284;975,8739491015726
99,0;1016,6328769780794;1015,7971112261463;976,1639682059412
99,08333333333333;1016,7629651143073;1015,9281993235363;976,4530375985572
99,16666666666667;1016,8929389186692;1016,0591709231871;976,741161610944
99,25;1017,0227985941297;1016,190026234911;977,0283445585802
99,33333333333333;1017,1525443431078;1016,3207654679456;977,3145907409072
99,41666666666667;1017,2821763674795;1016,451388830957;977,5999044413365
99,5;1017,4116948685785;1016,5818965320406;977,8842899272589
99,58333333333333;1017,5411000471993;1016,7122887787243;978,167751450053
99,66666666666667;1017,6703921035987;1016,8425657779701;978,4502932450947
99,75;1017,7995712374977;1016,9727277361761;978,7319195317687
99,83333333333333;1017,9286376480836;1017,1027748591789;979,0126345134779
99,91666666666667;1018,0575915340119;1017,2327073522555;979,2924423776565
100,0;1018,1864330934077;1017,3625254201252;979,5713472957809
100,08333333333333;1018,3151625238685;1017,4922292669519;979,8493534233833
100,16666666666667;1018,4437800224654;1017,621819096346;980,1264649000645
100,25;1018,5722857857452;1017,7512951113667;980,4026858495084
100,33333333333333;1018,7006800097324;1017,8806575145235;980,6780203794957
100,41666666666667;1018,828962889931;1018,0099065077786;980,9524725819198
100,5;1018,9571346213261;1018,139042292549;981,2260465328017
100,58333333333333;1019,0851953983861;1018,268065069708;981,4987462923066
100,66666666666667;1019,2131454150644;1018,3969750395876;981,7705759047603
100,75;1019,3409848648014;1018,5257724019804;982,041539398667
100,83333333333333;1019,4687139405258;1018,6544573561415;982,3116407867262
100,91666666666667;1019,5963328346572;1018,7830301007906;982,5808840658517
101,0;1019,7238417391073;1018,9114908341135;982,84927321719
101,08333333333333;1019,851240845282;1019,0398397537646;983,1168122061397
101,16666666666667;1019,9785303440827;1019,1680770568686;983,3835049823714
101,25;1020,1057104259091;1019,2962029400222;983,6493554798478
101,33333333333333;1020,23278128066;1019,4242175992965;983,9143676168449
101,41666666666667;1020,3597430977355;1019,5521212302384;984,1785452959725
101,5;1020,4865960660387;1019,6799140278728;984,4418924041968
101,58333333333333;1020,6133403739775;1019,8075961867041;984,704412812862
101,66666666666667;1020,7399762094662;1019,935167900719;984,966110377713
101,75;1020,8665037599275;1020,0626293633871;985,226988938919
101,83333333333333;1020,9929232122937;1020,1899807676639;985,4870523210966
101,91666666666667;1021,1192347530092;1020,3172223059917;985,7463043333338
102,0;1021,2454385680315;1020,4443541703021;986,0047487692148
102,08333333333333;1021,3715348428336;1020,5713765520176;986,2623894068442
102,16666666666667;1021,497523762405;1020,6982896420534;986,5192300088733
102,25;1021,6234055112536;1020,8250936308194;986,7752743225246
102,33333333333333;1021,7491802734079;1020,9517887082218;987,0305260796191
102,41666666666667;1021,8748482324179;1021,0783750636647;987,2849889966018
102,5;1022,0004095713573;1021,2048528860524;987,5386667745693
102,58333333333333;1022,125864472825;1021,3312223637911;987,7915630992967
102,66666666666667;1022,2512131189467;1021,4574836847902;988,0436816412655
102,75;1022,3764556913767;1021,5836370364644;988,2950260556917
102,83333333333333;1022,5015923712995;1021,7096826057358;988,5455999825539
102,91666666666667;1022,6266233394311;1021,8356205790348;988,7954070466227
103,0;1022,7515487760213;1021,9614511423026;989,0444508574892
103,08333333333333;1022,8763688608547;1022,0871744809928;989,292735009595
103,16666666666667;1023,0010837732524;1022,2127907800725;989,540263082262
103,25;1023,1256936920742;1022,338300224025;989,7870386397223
103,33333333333333;1023,2501987957193;1022,463702996851;990,0330652311492
103,41666666666667;1023,3745992621285;1022,5889992820701;990,2783463906878
103,5;1023,4988952687859;1022,7141892627228;990,5228856374865
103,58333333333333;1023,6230869927197;1022,8392731213722;990,7666864757281
103,66666666666667;1023,7471746105045;1022,9642510401055;991,0097523946619
103,75;1023,8711582982629;1023,0891232005358;991,2520868686361
103,83333333333333;1023,9950382316665;1023,2138897838039;991,4936933571299
103,91666666666667;1024,1188145859378;1023,3385509705796;991,7345753047865
104,0;1024,2424875358518;1023,4631069410635;991,9747361414461
104,08333333333333;1024,3660572557371;1023,587557874989;992,2141792821792
104,16666666666667;1024,4895239194782;1023,7119039516234;992,4529081273204
104,25;1024,6128877005162;1023,8361453497697;992,6909260625021
104,33333333333333;1024,736148771851;1023,9602822477685;992,9282364586888
104,41666666666667;1024,8593073060426;1024,0843148234994;993,164842672212
104,5;1024,9823634752122;1024,2082432543823;993,4007480448041
104,58333333333333;1025,105317451044;1024,3320677173797;993,635955903634
104,66666666666667;1025,2281694047867;1024,4557883889975;993,8704695613421
104,75;1025,3509195072554;1024,5794054452874;994,104292316076
104,83333333333333;1025,4735679288324;1024,7029190618478;994,3374274515261
104,91666666666667;1025,5961148394688;1024,8263294138258;994,5698782369615
105,0;1025,7185604086862;1024,9496366759183;994,8016479272663
105,08333333333333;1025,8409048055785;1025,0728410223744;995,0327397629763
105,16666666666667;1025,9631481988122;1025,1959426269962;995,2631569703153
105,25;1026,0852907566289;1025,31894166314;995,4929027612321
105,33333333333333;1026,2073326468465;1025,4418383037196;995,7219803334378
105,41666666666667;1026,3292740368604;1025,5646327212055;995,9503928704428
105,5;1026,451115093645;1025,687325087628;996,1781435415945
105,58333333333333;1026,5728559837557;1025,8099155745786;996,4052355021154
105,66666666666667;1026,6944968733292;1025,9324043532106;996,6316718931402
105,75;1026,8160379280857;1026,0547915942416;996,8574558417547
105,83333333333333;1026,9374793133304;1026,1770774679544;997,0825904610339
105,91666666666667;1027,0588211939541;1026,299262144199;997,3070788500801
106,0;1027,1800637344356;1026,4213457923934;997,5309240940622
106,08333333333333;1027,3012070988425;1026,5433285815254;997,7541292642543
106,16666666666667;1027,4222514508326;1026,6652106801548;997,9766974180745
106,25;1027,5431969536555;1026,7869922564134;998,1986315991246
106,33333333333333;1027,6640437701535;1026,9086734780078;998,419934837229
106,41666666666667;1027,7847920627635;1027,03025451222;998,6406101484745
106,5;1027,9054419935183;1027,151735525909;998,8606605352498
106,58333333333333;1028,0259937240476;1027,2731166855133;999,0800889862857
106,66666666666667;1028,1464474155796;1027,3943981570503;999,2988984766946
106,75;1028,2668032289423;1027,5155801061196;999,517091968011
106,83333333333333;1028,387061324565;1027,6366626979034;999,7346724082315
106,91666666666667;1028,507221862479;1027,7576460971682;999,9516427318557
107,0;1028,6272850023197;1027,878530468266;1000,1680058599262
107,08333333333333;1028,7472509033278;1027,9993159751366;1000,3837647000694
107,16666666666667;1028,86711972435;1028,1200027813077;1000,5989221465364
107,25;1028,9868916238408;1028,2405910498971;1000,8134810802443
107,33333333333333;1029,106566759864;1028,361080943614;1001,0274443688162
107,41666666666667;1029,2261452900934;1028,4814726247603;1001,2408148666236
107,5;1029,3456273718145;1028,6017662552315;1001,4535954148267
107,58333333333333;1029,4650131619258;1028,7219619965192;1001,6657888414164
107,66666666666667;1029,5843028169397;1028,8420600097113;1001,8773979612555
107,75;1029,7034964929844;1028,9620604554939;1002,0884255761201
107,83333333333333;1029,8225943458046;1029,0819634941527;1002,2988744747419
107,91666666666667;1029,941596530763;1029,201769285574;1002,5087474328492
108,0;1030,0605032028416;1029,321477989247;1002,7180472132094
108,08333333333333;1030,1793145166425;1029,4410897642633;1002,9267765656706
108,16666666666667;1030,2980306263903;1029,5606047693202;1003,1349382272036
108,25;1030,416651685932;1029,680023162721;1003,3425349219445
108,33333333333333;1030,535177848739;1029,7993451023763;1003,5495693612364
108,41666666666667;1030,6536092679082;1029,9185707458053;1003,7560442436717
108,5;1030,7719460961632;1030,0377002501377;1003,9619622551346
108,58333333333333;1030,8901884858553;1030,1567337721146;1004,1673260688437
108,66666666666667;1031,008336588965;1030,2756714680897;1004,3721383453941
108,75;1031,1263905571034;1030,3945134940304;1004,5764017328
108,83333333333333;1031,2443505415126;1030,5132600055197;1004,7801188665378
108,91666666666667;1031,3622166930681;1030,631911157757;1004,983292369588
109,0;1031,479989162279;1030,7504671055597;1005,1859248524783
109,08333333333333;1031,5976680992894;1030,8689280033639;1005,3880189133264
109,16666666666667;1031,71525365388;1030,9872940052264;1005,5895771378829
109,25;1031,8327459754687;1031,1055652648258;1005,7906020995738
109,33333333333333;1031,9501452131126;1031,223741935463;1005,9910963595436
109,41666666666667;1032,067451515508;1031,3418241700633;1006,1910624666984
109,5;1032,1846650309928;1031,4598121211775;1006,3905029577487
109,58333333333333;1032,301785907547;1031,5777059409825;1006,5894203572523
109,66666666666667;1032,4188142927935;1031,6955057812836;1006,7878171776574
109,75;1032,535750334;1031,8132117935147;1006,9856959193461
109,83333333333333;1032,6525941780803;1031,9308241287404;1007,1830590706767
109,91666666666667;1032,7693459715942;1032,0483429376563;1007,3799091080275
110,0;1032,8860058607502;1032,165768370591;1007,5762484958395
110,08333333333333;1033,0025739914051;1032,2831005775067;1007,77207968666
110,16666666666667;1033,1190505090665;1032,4003397080012;1007,9674051211855
110,25;1033,2354355588932;1032,5174859113083;1008,1622272283046
110,33333333333333;1033,3517292856964;1032,6345393362992;1008,3565484251417
110,41666666666667;1033,4679318339406;1032,751500131484;1008,5503711171002
110,5;1033,5840433477456;1032,8683684450123;1008,7436976979053
110,58333333333333;1033,7000639708865;1032,985144424675;1008,9365305496476
110,66666666666667;1033,8159938467957;1033,1018282179052;1009,1288720428262
110,75;1033,9318331185632;1033,2184199717794;1009,3207245363918
110,83333333333333;1034,0475819289381;1033,3349198330184;1009,5120903777903
110,91666666666667;1034,16324042033;1033,451327947989;1009,7029719030054
111,0;1034,27880873481;1033,5676444627047;1009,8933714366024
111,08333333333333;1034,3942870141104;1033,6838695228269;1010,083291291771
111,16666666666667;1034,5096753996283;1033,800003273666;1010,272733770369
111,25;1034,6249740324245;1033,9160458601832;1010,4617011629646
111,33333333333333;1034,7401830532256;1034,0319974269905;1010,6501957488806
111,41666666666667;1034,855302602425;1034,147858118353;1010,8382197962369
111,5;1034,9703328200833;1034,263628078189;1011,0257755619936
111,58333333333333;1035,0852738459305;1034,3793074500718;1011,2128652919944
111,66666666666667;1035,200125819366;1034,4948963772304;1011,3994912210096
111,75;1035,3148888794597;1034,6103950025508;1011,5856555727792
111,83333333333333;1035,4295631649543;1034,7258034685776;1011,7713605600557
111,91666666666667;1035,5441488142649;1034,841121917514;1011,9566083846472
112,0;1035,6586459654807;1034,956350491224;1012,1414012374606
112,08333333333333;1035,7730547563658;1035,0714893312324;1012,3257412985442
112,16666666666667;1035,8873753243602;1035,186538578727;1012,509630737131
112,25;1036,0016078065812;1035,3014983745593;1012,6930717116811
112,33333333333333;1036,1157523398242;1035,4163688592446;1012,8760663699248
112,41666666666667;1036,2298090605636;1035,5311501729648;1013,0586168489056
112,5;1036,343778104954;1035,645842455568;1013,2407252750222
112,58333333333333;1036,457659608831;1035,760445846571;1013,4223937640724
112,66666666666667;1036,5714537077117;1035,8749604851585;1013,6036244212945
112,75;1036,6851605367976;1035,9893865101856;1013,7844193414109
112,83333333333333;1036,7987802309733;1036,1037240601786;1013,9647806086699
112,91666666666667;1036,912312924809;1036,217973273336;1014,144710296889
113,0;1037,0257587525605;1036,3321342875288;1014,3242104694966
113,08333333333333;1037,139117848171;1036,4462072403026;1014,5032831795751
113,16666666666667;1037,2523903452718;1036,5601922688784;1014,6819304699026
113,25;1037,3655763771828;1036,674089510153;1014,8601543729957
113,33333333333333;1037,4786760769146;1036,7878991007008;1015,0379569111517
113,41666666666667;1037,591689577168;1036,9016211767741;1015,2153400964906
113,5;1037,704617010336;1037,015255874305;1015,3923059309974
113,58333333333333;1037,8174585085048;1037,1288033289056;1015,5688564065639
113,66666666666667;1037,9302142034542;1037,2422636758695;1015,7449935050312
113,75;1038,0428842266585;1037,3556370501726;1015,920719198231
113,83333333333333;1038,1554687092882;1037,468923586474;1016,0960354480283
113,91666666666667;1038,26796778221;1037,5821234191171;1016,2709442063622
114,0;1038,3803815759888;1037,6952366821313;1016,4454474152885
114,08333333333333;1038,4927102208876;1037,8082635092317;1016,6195470070213
114,16666666666667;1038,604953846869;1037,9212040338207;1016,7932449039739
114,25;1038,7171125835962;1038,0340583889893;1016,9665430188012
114,33333333333333;1038,8291865604335;1038,1468267075177;1017,1394432544405
114,41666666666667;1038,9411759064478;1038,2595091218761;1017,3119475041533
114,5;1039,0530807504088;1038,3721057642265;1017,4840576515666
114,58333333333333;1039,1649012207904;1038,4846167664227;1017,6557755707138
114,66666666666667;1039,276637445772;1038,597042260012;1017,8271031260763
114,75;1039,3882895532383;1038,709382376235;1017,9980421726242
114,83333333333333;1039,4998576707812;1038,8216372460283;1018,1685945558577
114,91666666666667;1039,6113419257003;1038,9338070000244;1018,3387621118475
115,0;1039,7227424450036;1039,0458917685526;1018,508546667276
115,08333333333333;1039,8340593554092;1039,1578916816397;1018,6779500394782
115,16666666666667;1039,9452927833447;1039,2698068690124;1018,846974036482
115,25;1040,0564428549499;1039,3816374600963;1019,015620457049
115,33333333333333;1040,1675096960764;1039,4933835840181;1019,1838910907148
115,41666666666667;1040,278493432289;1039,6050453696064;1019,35178771783
115,5;1040,3893941888662;1039,7166229453921;1019,5193121095998
115,58333333333333;1040,5002120908016;1039,8281164396099;1019,6864660281245
115,66666666666667;1040,6109472628045;1039,9395259801984;1019,85325122644
115,75;1040,7215998293007;1040,050851694802;1020,0196694485572
115,83333333333333;1040,8321699144333;1040,1620937107716;1020,1857224295027
115,91666666666667;1040,942657642064;1040,273252155165;1020,3514118953581
116,0;1041,0530631357733;1040,384327154748;1020,5167395633
116,08333333333333;1041,163386518862;1040,4953188359955;1020,6817071416398
116,16666666666667;1041,2736279143514;1040,6062273250923;1020,8463163298632
116,25;1041,3837874449853;1040,717052747934;1021,0105688186695
116,33333333333333;1041,493865233229;1040,8277952301282;1021,1744662900117
116,41666666666667;1041,6038614012718;1040,9384548969945;1021,3380104171347
116,5;1041,7137760710273;1041,0490318735663;1021,5012028646155
116,58333333333333;1041,8236093641337;1041,1595262845913;1021,6640452884019
116,66666666666667;1041,9333614019558;1041,2699382545322;1021,8265393358515
116,75;1042,0430323055843;1041,3802679075684;1021,9886866457708
116,83333333333333;1042,1526221958381;1041,4905153675954;1022,1504888484537
116,91666666666667;1042,2621311932644;1041,6006807582273;1022,3119475657206
117,0;1042,3715594181392;1041,7107642027963;1022,4730644109567
117,08333333333333;1042,4809069904688;1041,8207658243546;1022,6338409891506
117,16666666666667;1042,5901740299903;1041,9306857456747;1022,7942788969328
117,25;1042,6993606561723;1042,0405240892503;1022,954379722614
117,33333333333333;1042,8084669882162;1042,1502809772971;1023,1141450462233
117,41666666666667;1042,9174931450561;1042,259956531754;1023,2735764395458
117,5;1043,0264392453607;1042,3695508742835;1023,4326754661615
117,58333333333333;1043,1353054075332;1042,479064126273;1023,5914436814826
117,66666666666667;1043,2440917497127;1042,5884964088352;1023,7498826327912
117,75;1043,3527983897743;1042,697847842809;1023,9079938592776
117,83333333333333;1043,4614254453309;1042,807118548761;1024,0657788920767
117,91666666666667;1043,5699730337326;1042,9163086469853;1024,2232392543067
118,0;1043,6784412720692;1043,0254182575047;1024,380376461106
118,08333333333333;1043,7868302771694;1043,1344475000722;1024,5371920196699
118,16666666666667;1043,8951401656027;1043,2433964941706;1024,6936874292887
118,25;1044,0033710536793;1043,3522653590146;1024,8498641813837
118,33333333333333;1044,1115230574517;1043,4610542135504;1025,0057237595452
118,41666666666667;1044,2195962927146;1043,5697631764576;1025,161267639568
118,5;1044,3275908750068;1043,6783923661492;1025,3164972894895
118,58333333333333;1044,4355069196104;1043,7869419007727;1025,471414169625
118,66666666666667;1044,543344541553;1043,895411898211;1025,6260197326048
118,75;1044,6511038556082;1044,003802476083;1025,780315423411
118,83333333333333;1044,7587849762954;1044,1121137517446;1025,9343026794127
118,91666666666667;1044,8663880178815;1044,2203458422894;1026,0879829304026
119,0;1044,9739130943815;1044,3284988645491;1026,2413575986336
119,08333333333333;1045,0813603195588;1044,4365729350955;1026,3944280988537
119,16666666666667;1045,1887298069266;1044,5445681702395;1026,5471958383423
119,25;1045,296021669748;1044,6524846860334;1026,6996622169459
119,33333333333333;1045,4032360210367;1044,760322598271;1026,8518286271135
119,41666666666667;1045,510372973559;1044,8680820224881;1027,003696453932
119,5;1045,617432639833;1044,9757630739643;1027,1552670751616
119,58333333333333;1045,7244151321297;1045,0833658677225;1027,3065418612714
119,66666666666667;1045,8313205624745;1045,1908905185305;1027,4575221754737
119,75;1045,938149042647;1045,2983371409018;1027,6082093737598
119,83333333333333;1046,0449006841823;1045,4057058490957;1027,7586048049338
119,91666666666667;1046,1515755983712;1045,5129967571186;1027,9087098106488
120,0;1046,2581738962617;1045,6202099787247;1028,0585257254402
