time_min;T_hanger;T_cable
0,0;20,0;20,0
0,08333333333333333;20,0;20,0
0,16666666666666666;20,27524147605116;20,08609298684962
0,25;20,78200501366571;20,244246944139
0,3333333333333333;21,484828659565736;20,463284661567773
0,4166666666666667;22,35443087765142;20,734142031578088
0,5;23,36677029436686;21,049491818492122
0,5833333333333334;24,502361621859603;21,40347268044699
0,6666666666666666;25,74561094159328;21,791447373729284
0,75;27,084157707613894;22,20977950476072
0,8333333333333334;28,5082599224901;22,65563396278829
0,9166666666666666;30,0102519527224;23,12680572758134
1,0;31,584087420438017;23,621578076200766
1,0833333333333333;33,22496635749986;24,13860827281363
1,1666666666666667;34,92903834106604;24,676837264037722
1,25;36,69317028691268;25,23541941063218
1,3333333333333333;38,514767216115075;25,813668430161417
1,4166666666666667;40,39163531550277;26,411016173526015
1,5;42,32187815991514;27,026981406131252
1,5833333333333333;44,303818600955864;27,6611463019601
1,6666666666666667;46,335940333015486;28,31313883576317
1,75;48,4168444373615;28,982619658606602
1,8333333333333333;50,545217264075525;29,669272365998427
1,9166666666666667;52,7198068575796;30,372796324230684
2,0;54,939405795056466;31,09290142035366
2,0833333333333335;57,20283882102438;31,82930425514864
2,1666666666666665;59,50895405586496;32,58172541617456
2,25;61,85661685703202;33,34988755745712
2,3333333333333335;64,24470564012987;34,13351408015104
2,4166666666666665;66,67210913989777;34,932328259659634
2,5;69,13772472157737;35,74605270322763
2,5833333333333335;71,64045745138843;36,574409050999634
2,6666666666666665;74,17921970873398;37,41711785530396
2,75;76,75293117827364;38,27389858925962
2,8333333333333335;79,3605191016787;39,144469748061866
2,9166666666666665;82,00091870014573;40,028549015496075
3,0;84,67307370218313;40,92585347512699
3,0833333333333335;87,37593692874823;41,83609985078532
3,1666666666666665;90,10847090096465;42,75900476485926
3,25;92,86964844549252;43,694285005818145
3,3333333333333335;95,65845327998322;44,64165779859096
3,4166666666666665;98,47388056654495;45,60084107307732
3,5;101,31493742524064;46,571553727315745
3,5833333333333335;104,18064340268327;47,553515882778285
3,6666666666666665;107,07003089304655;48,54644912997479
3,75;109,98214551046756;49,55007676309345
3,8333333333333335;112,9160464130289;50,564124002817486
3,9166666666666665;115,87080657938083;51,588318206773536
4,0;118,84551303968392;52,62238906730895
4,083333333333333;121,83926706297939;53,66606879648043
4,166666666666667;124,8511843033773;54,71909229827892
4,25;127,8803949076267;55,781197328225026
4,333333333333333;130,92604358672295;56,85212464055311
4,416666666666667;133,98728965423783;57,931618123266674
4,5;137,06330703404188;59,019424921396286
4,583333333333333;140,1532842400389;60,11529554882801
4,666666666666667;143,25642433045684;61,218983989097396
4,75;146,37194483914772;62,33024778556336
4,833333333333333;149,49907768624274;63,44884812138936
4,916666666666667;152,63706907039634;64,57454988976743
5,0;155,78517934473336;65,70712175482444
5,083333333333333;158,94268287849297;66,84633620365094
5,166666666666667;162,10886790624053;67,99196958989
5,25;165,28303636639777;69,14380216932005
5,333333333333333;168,46450373072216;70,30161812785819
5,416666666666667;171,65259882625045;71,46520560240349
5,5;174,84666365110752;72,63435669493012
5,583333333333333;178,04605318547328;73,80886748022996
5,666666666666667;181,25013519889526;74,9885380076933
5,75;184,45829005503396;76,17317229750456
5,833333333333333;187,66991051483222;77,3625783316179
5,916666666666667;190,88440153900896;78,55656803986422
6,0;194,10118009069052;79,7549572815294
6,083333333333333;197,31967493891156;80,95756582272936
6,166666666666667;200,5393264636396;82,16421730989522
6,25;203,75958646290485;83,37473923966826
6,333333333333333;206,97991796254786;84,58896292549176
6,416666666666667;210,19979502903402;85,80672346117323
6,5;213,41870258572277;87,02785968167855
6,583333333333333;216,63613623292395;88,25221412140618
6,666666666666667;219,85160207202046;89,47963297017802
6,75;223,06461653388823;90,70996602717085
6,833333333333333;226,27470621179836;91,94306665300117
6,916666666666667;229,4814076989448;93,1787917201641
7,0;232,6842674307016;94,41700156201674
7,083333333333333;235,88284153167822;95,65755992048499
7,166666666666667;239,0766956676079;96,90033389266296
7,25;242,26540490207427;98,14519387646374
7,333333333333333;245,4485535580534;99,39201351547099
7,416666666666667;248,62573508422355;100,6406696431313
7,5;251,79655192597164;101,89104222641858
7,583333333333333;254,9606154010052;103,1430143090931
7,666666666666667;258,1175455794601;104,39647195466982
7,75;261,26697116837727;105,65130418920255
7,833333333333333;264,4085294004082;106,90740294398354
7,916666666666667;267,54186592659494;108,1646629982505
8,0;270,66663471306;109,42298192198668
8,083333333333334;273,7824979414323;110,682260018893
8,166666666666666;276,88912591282707;111,94240026960547
8,25;279,9861969551904;113,2033082752247
8,333333333333334;283,07339733381616;114,4648922012197
8,416666666666666;286,1504211648368;115,72706272176225
8,5;289,21697033148854;116,98973296454363
8,583333333333334;292,27275440294943;118,2528184561207
8,666666666666666;295,3174905555484;119,51623706783408
8,75;298,3509034961439;120,7799089623369
8,833333333333334;301,37272538747345;122,04375654076894
8,916666666666666;304,3826957752748;123,30770439060706
9,0;307,3805615169871;124,57167923421974
9,083333333333334;310,36607671184026;125,83560987815
9,166666666666666;313,33900263214775;127,09942716314808
9,25;316,29910765562215;128,36306391497274
9,333333333333334;319,24616719854;129,6264548959769
9,416666666666666;322,1799636495867;130,8895367574912
9,5;325,10028630422113;132,15224799301657
9,583333333333334;328,0069312994054;133,41452889223547
9,666666666666666;330,899701548553;134,67632149584784
9,75;333,77840667655755;135,9375695512382
9,833333333333334;336,6428629547698;137,19821846897648
9,916666666666666;339,4928932358021;138,45821528015514
10,0;342,32832688804575;139,71750859456276
10,083333333333334;345,14899972979504;140,97604855969337
10,166666666666666;347,9547539628824;142,23378682058944
10,25;350,7454381057357;143,4906764805152
10,333333333333334;353,5209069257779;144,7466720624559
10,416666666666666;356,2810213710995;146,00172947143818
10,5;359,02564850133876;147,25580595766485
10,583333333333334;361,7546614177183;148,5088600804575
10,666666666666666;364,46793919219033;149,76085167299937
10,75;367,1653667956537;151,0117418078697
10,833333333333334;369,84683502521244;152,26149276336142
10,916666666666666;372,51224043045346;153,5100679905719
11,0;375,1614852387291;154,75743208125772
11,083333333333334;377,79447727943585;156,00355073644235
11,166666666666666;380,4111299072897;157,2483907357668
11,25;383,0113619246023;158,49191990757177
11,333333333333334;385,5950975025709;159,7341070997001
11,416666666666666;388,1622661016001;160,97492215100834
11,5;390,7128023906774;162,21433586357514
11,583333333333334;393,246646165833;163,45231997559537
11,666666666666666;395,7637422677165;164,6888471349472
11,75;398,26404049832854;165,92389087342053
11,833333333333334;400,74749553695005;167,1574255815946
11,916666666666666;403,21406685531537;168,3894264843521
12,0;405,6637186320784;169,6198696170182
12,083333333333334;408,09641966662537;170,84873180211162
12,166666666666666;410,51214329228867;172,07599062669598
12,25;412,9108672890214;173,30162442031897
12,333333333333334;415,29257379559135;174,52561223352723
12,416666666666666;417,6572492213575;175,74793381694505
12,5;420,00488415769166;176,9685696009046
12,583333333333334;422,33547328911095;178,18750067561598
12,666666666666666;424,6490153041858;179,40470877186527
12,75;426,94551280629037;180,6201762422289
12,833333333333334;429,22497222426136;181,83388604279273
12,916666666666666;431,48740372303246;183,04582171536444
13,0;433,7328211143104;184,25596737016807
13,083333333333334;435,96124176735907;185,46430766900934
13,166666666666666;438,17268651995687;186,67082780890104
13,25;440,3671795895924;187,87551350613742
13,333333333333334;442,5447484849617;189,07835098080722
13,416666666666666;444,70542391782976;190,2793269417344
13,5;446,84923971531765;191,47842857183696
13,583333333333334;448,9762327326744;192,67564351389282
13,666666666666666;451,08644276659254;193,8709598567036
13,75;453,1799124691225;195,064366121646
13,833333333333334;455,25668726224137;196,2558512496014
13,916666666666666;457,3168152531279;197,44540458825406
14,0;459,3603471501943;198,633015879749
14,083333333333334;461,38733617992335;199,81867524870003
14,166666666666666;463,39783800455723;201,00237319053946
14,25;465,3919106406812;202,18410056020045
14,333333333333334;467,36961437874504;203,3638485611237
14,416666666666666;469,33101170356076;204,54160873457994
14,5;471,2761672158144;205,71737294930023
14,583333333333334;473,2051475546259;206,89113339140582
14,666666666666666;475,118021321191;208,06288255462994
14,75;477,0148590035337;209,23261323082377
14,833333333333334;478,8957329023984;210,4003185007391
14,916666666666666;480,76071705830714;211,5659917250804
15,0;482,6098871798051;212,72962653581905
15,083333333333334;484,4433205729156;213,8912168277628
15,166666666666666;486,2610960718238;215,05075675037372
15,25;488,06329397080606;216,20824069982766
15,333333333333334;489,8499959574195;217,36366331130912
15,416666666666666;491,62128504696454;218,51701945153485
15,5;493,37724551823163;219,66830421150007
15,583333333333334;495,1179628505405;220,81751289944128
15,666666666666666;496,84352366207924;221,96464103400976
15,75;498,5540156495485;223,10968433764978
15,833333333333334;500,2495275291139;224,2526387301763
15,916666666666666;501,9301489786689;225,3935003225463
16,0;503,59597058140815;226,5322654108184
16,083333333333332;505,24708377070965;227,668930470296
16,166666666666668;506,8835807763234;228,80349214984813
16,25;508,5055545718624;229,9359472664037
16,333333333333332;510,1130988235894;231,066292799614
16,416666666666668;511,70630784049445;232,19452588667866
16,5;513,2852765256532;233,32064381733085
16,583333333333332;514,8501003288584;234,44464402897674
16,666666666666668;516,4008752005133;235,56652410198532
16,75;517,9376975467767;236,6862817551241
16,833333333333332;519,4606641859469;237,80391484113647
16,916666666666668;520,9698723060715;238,91942134245707
17,0;522,4654194237693;240,0327993670607
17,083333333333332;523,9474033442506;241,1440471444415
17,166666666666668;525,4159221225189;242,25316302171828
17,25;526,87107402574;243,36014545986268
17,333333333333332;528,3129574967603;244,46499303004623
17,416666666666668;529,7416711187589;245,56770441010343
17,5;531,1573135810144;246,66827838110703
17,583333333333332;532,5599836457702;247,76671382405246
17,666666666666668;533,9497801161784;248,86300971664835
17,75;535,3268018053047;249,95716513020983
17,833333333333332;536,6911475061755;251,04917922665177
17,916666666666668;538,0429159628468;252,139051255579
18,0;539,3822058424771;253,22678055147074
18,083333333333332;540,7091157083839;254,3123665309563
18,166666666666668;542,0237439940641;255,39580869017962
18,25;543,3261889781589;256,4771066022498
18,333333333333332;544,616548760343;257,5562599147754
18,416666666666668;545,8949212381189;258,6332683474794
18,5;547,1614040844954;259,70813168989326
18,583333333333332;548,4160947265316;260,7808497991273
18,666666666666668;549,6590903247254;261,8514225977148
18,75;550,8904877532283;262,9198500715285
18,833333333333332;552,110383580865;263,9861322677663
18,916666666666668;553,3188740529403;265,05026929300493
19,0;554,516055073812;266,112261311319
19,083333333333332;555,7020221902128;267,172108542464
19,166666666666668;556,8768705752992;268,2298112601206
19,25;558,0406950134119;269,2853697901989
19,333333333333332;559,1935898855264;270,3387845092011
19,416666666666668;560,3356491553768;271,3900558426397
19,5;561,4669663562344;272,4391842635108
19,583333333333332;562,5876345783223;273,4861702908202
19,666666666666668;563,6977464568498;274,53101448816045
19,75;564,7973941606475;275,57371746233787
19,833333333333332;565,8866693813876;276,6142798620476
19,916666666666668;566,965663323371;277,65270237659536
20,0;568,0344666938654;278,68898573466413
20,083333333333332;569,093169693978;279,72313070312526
20,166666666666668;570,1418620100469;280,75513808589136
20,25;571,1806328055349;281,78500872281063
20,333333333333332;572,2095707134102;282,81274348860086
20,416666666666668;573,2287638290007;283,83834329182224
20,5;574,2382997033038;284,86180907388723
20,583333333333332;575,2382653367401;285,8831418081067
20,666666666666668;576,2287471733356;286,90234249877125
20,75;577,2098310953178;287,919412180266
20,833333333333332;578,1816024181137;288,93435191621876
20,916666666666668;579,144145885735;289,9471627986794
21,0;580,0975456665379;290,95784594733044
21,083333333333332;581,041885349345;291,9664025087269
21,166666666666668;581,9772479399167;292,9728336555654
21,25;582,9037158577601;293,97714058598075
21,333333333333332;583,8213709332634;294,97932452286955
21,416666666666668;584,730294405145;295,9793867132399
21,5;585,6305669182036;296,9773284275861
21,583333333333332;586,5222685213629;297,9731509592881
21,666666666666668;587,4054786659951;298,96685562403394
21,75;588,280276204517;299,9584437592654
21,833333333333332;589,1467393892455;300,94791672364516
21,916666666666668;590,0049458715044;301,9352758965457
22,0;590,8549727009735;302,92052267755844
22,083333333333332;591,6968963252676;303,9036584860226
22,166666666666668;592,5307925897408;304,8846847605735
22,25;593,3567367375031;305,863602958709
22,333333333333332;594,1748034096431;306,84041455637407
22,416666666666668;594,9850666456488;307,81512104756234
22,5;595,7875998840161;308,7877239439344
22,583333333333332;596,5824759630401;309,7582247744522
22,666666666666668;597,3697671217792;310,7266250850286
22,75;598,149545001186;311,69292643819233
22,833333333333332;598,9218806453973;312,65713041276655
22,916666666666668;599,686844503177;313,6192386035622
23,0;600,4445064295032;314,5792526210841
23,083333333333332;601,194843425051;315,5371740912498
23,166666666666668;601,9383520265666;316,49300465512147
23,25;602,6750842705997;317,4467459686489
23,333333333333332;603,405092067435;318,3983997024247
23,416666666666668;604,1284271944892;319,3479675414501
23,5;604,8451412898816;320,29545118491154
23,583333333333332;605,5552858461796;321,24085234596754
23,666666666666668;606,2589122043139;322,1841727515452
23,75;606,9560715476633;323,1254141421463
23,833333333333332;607,6468148963062;324,0645782716626
23,916666666666668;608,3311931014366;325,00166690719925
24,0;609,0092568399436;325,9366818289077
24,083333333333332;609,6810566091507;326,86962482982534
24,166666666666668;610,3466427217132;327,80049771572374
24,25;611,0060653006735;328,72930230496405
24,333333333333332;611,6593742746685;329,6560404283592
24,416666666666668;612,3066193732905;330,58071392904327
24,5;612,9478501225973;331,5033246623472
24,583333333333332;613,5831158407705;332,42387449568054
24,666666666666668;614,2124656339186;333,3423653084194
24,75;614,8359483920243;334,25879899180006
24,833333333333332;615,4536127850326;335,1731774488178
24,916666666666668;616,0655072590782;336,085502594131
25,0;616,6716800328496;336,9957763539705
25,083333333333332;617,2721790940884;337,9040006660529
25,166666666666668;617,867052196221;338,8101774794995
25,25;618,4563468551208;339,7143087547582
25,333333333333332;619,0401103459986;340,6163964635306
25,416666666666668;619,61838970042;341,5164425887023
25,5;620,1912317034457;342,41444912427727
25,583333333333332;620,7586828908951;343,31041807531506
25,666666666666668;621,3207895467285;344,2043514578723
25,75;621,8775977005482;345,09625129894636
25,833333333333332;622,4291531252146;345,98611963642264
25,916666666666668;622,975501334576;346,8739585190243
26,0;623,5166875813101;347,7597700062648
26,083333333333332;624,0527568548745;348,64355616840254
26,166666666666668;624,5837538795654;349,52531908639867
26,25;625,1097231126809;350,40506085187604
26,333333333333332;625,6307087427878;351,28278356708097
26,416666666666668;626,1467546880899;352,15848934484666
26,5;626,6579045948959;353,03218030855834
26,583333333333332;627,1642018361832;353,9038585921202
26,666666666666668;627,6656895102594;354,7735263399237
26,75;628,1624104395148;355,64118570681774
26,833333333333332;628,6544071692679;356,5068388580795
26,916666666666668;629,1417219666997;357,370487969387
27,0;629,6243968198762;358,23213522679265
27,083333333333332;630,102473436856;359,0917828266976
27,166666666666668;630,5759932448822;359,94943297582745
27,25;631,0449973896558;360,80508789120825
27,333333333333332;631,5095267346901;361,6587498001436
27,416666666666668;631,9696218607423;362,5104209401924
27,5;632,4253230653231;363,3601035591469
27,583333333333332;632,8766703622794;364,2077999150118
27,666666666666668;633,323703481451;365,05351227598277
27,75;633,766461868399;365,8972429204266
27,833333333333332;634,2049846842023;366,7389941368606
27,916666666666668;634,6393108053231;367,5787682239326
28,0;635,0694788235384;368,4165674904014
28,083333333333332;635,4955270459351;369,25239425511654
28,166666666666668;635,9174934949694;370,086250846999
28,25;636,3354159085864;370,91813960502117
28,333333333333332;636,7493317403989;371,74806287818706
28,416666666666668;637,1592781599261;372,5760230255125
28,5;637,5652920528868;373,40202241600485
28,583333333333332;637,9674100215485;374,2260634286427
28,666666666666668;638,3656683851303;375,04814845235524
28,75;638,7601031802567;375,86827988600135
28,833333333333332;639,1507501614627;376,6864601383484
28,916666666666668;639,5376448017479;377,5026916280506
29,0;639,9208222931779;378,3169767836269
29,083333333333332;640,300317547532;379,12931804343833
29,166666666666668;640,6761651969958;379,9397178556653
29,25;641,0483995948973;380,74817867828403
29,333333333333332;641,4170548164849;381,55470297904236
29,416666666666668;641,7821646597465;382,3592932354352
29,5;642,1437626462681;383,16195193467945
29,583333333333332;642,50188202213;383,96268157368803
29,666666666666668;642,856555758841;384,7614846590435
29,75;643,2078165543076;385,55836370697097
29,833333333333332;643,555696833838;386,35332124331023
29,916666666666668;643,9002287511796;387,14635980348737
30,0;644,2414441895882;387,9374819324855
30,083333333333332;644,5793747629285;388,7266901848149
30,166666666666668;644,9140518168052;389,51398712448224
30,25;645,2455064297213;390,2993753249593
30,333333333333332;645,5737694142659;391,08285736915076
30,416666666666668;645,8988713183272;391,8644358493611
30,5;646,2208424263322;392,64411336726107
30,583333333333332;646,5397127605103;393,42189253385305
30,666666666666668;646,8555120821807;394,19777596943567
30,75;647,1682698930625;394,9717663035678
30,833333333333332;647,4780154366066;395,74386617503137
30,916666666666668;647,7847776993476;396,51407823179386
31,0;648,0885854122763;397,28240513096955
31,083333333333332;648,3894670522305;398,0488495387801
31,166666666666668;648,6874508433043;398,8134141305143
31,25;648,9825647582737;399,5761015904871
31,333333333333332;649,2748365200398;400,33691461199766
31,416666666666668;649,5642936030858;401,0958558972865
31,5;649,8509632349503;401,85292815749216
31,583333333333332;650,1348723977128;402,60813411260654
31,666666666666668;650,4160478294938;403,3614764914299
31,75;650,6945160259662;404,1129580315249
31,833333333333332;650,9703032418785;404,8625814791695
31,916666666666668;651,2434354925891;405,61034958930946
32,0;651,5139385556108;406,35626512550994
32,083333333333336;651,781837972164;407,100330859906
32,166666666666664;652,0471590487397;407,8425495731528
32,25;652,30992685867;408,58292405437436
32,333333333333336;652,5701662437062;409,32145710111246
32,416666666666664;652,8279018156043;410,0581515192737
32,5;653,0831579577155;410,79301012307644
32,583333333333336;653,3359588265838;411,5260357349971
32,666666666666664;653,5863283535483;412,257231185715
32,75;653,8342902463492;412,98659931405723
32,833333333333336;654,0798679907386;413,7141429669423
32,916666666666664;654,3230848520951;414,43986499932316
33,0;654,5639638770402;415,1637682741296
33,083333333333336;654,8025278950582;415,8858556622099
33,166666666666664;655,0387995201175;416,6061300422716
33,25;655,2728011522935;417,32459430082196
33,333333333333336;655,5045549793925;418,0412513321073
33,416666666666664;655,7340829785767;418,75610403805206
33,5;655,9614069179879;419,4691553281968
33,583333333333336;656,1865483583729;420,18040811963596
33,666666666666664;656,4095286547065;420,88986533695476
33,75;656,6303689578143;421,59752991216544
33,833333333333336;656,8490902159939;422,303404784643
33,916666666666664;657,065713176634;423,0074929010604
34,0;657,2802583878313;423,70979721532274
34,083333333333336;657,4927462000053;424,41032068850154
34,166666666666664;657,7031967675098;425,1090662887679
34,25;657,911630050241;425,80603699132547
34,333333333333336;658,1180658152424;426,50123577834245
34,416666666666664;658,3225236383058;427,1946656388836
34,5;658,5250229055681;427,8863295688413
34,583333333333336;658,7255828151034;428,5762305708663
34,666666666666664;658,9242223785108;429,26437165429803
34,75;659,120960422497;429,95075583509424
34,833333333333336;659,3158155904538;430,63538613576037
34,916666666666664;659,50880634403;431,31826558527825
35,0;659,6999509646971;431,9993972190346
35,083333333333336;659,8892675553103;432,6787840787491
35,166666666666664;660,0767740416621;433,3564292124018
35,25;660,2624881740301;434,03233567416015
35,333333333333336;660,4464275287178;434,7065065243061
35,416666666666664;660,6286095095894;435,3789448291624
35,5;660,8090513495968;436,0496536610183
35,583333333333336;660,9877701122996;436,71863609805564
35,666666666666664;661,1647826933785;437,3858952242741
35,75;661,34010582214;438,05143412941624
35,833333333333336;661,5137560630145;438,71525590889195
35,916666666666664;661,6857498170463;439,37736366370325
36,0;661,856103323375;440,0377605003683
36,083333333333336;662,0248326607101;440,69644953084514
36,166666666666664;662,1919537487962;441,3534338724555
36,25;662,3574823498706;442,00871664780806
36,333333333333336;662,5214340701119;442,66230098472147
36,416666666666664;662,6838243610808;443,31419001614756
36,5;662,8446685211513;443,96438688009374
36,583333333333336;663,003981696934;444,61289471954575
36,666666666666664;663,16177888469;445,2597166823898
36,75;663,318074931736;445,9048559213348
36,833333333333336;663,4728845378405;446,54831559383433
36,916666666666664;663,6262222566107;447,1900988620086
37,0;663,7781024968705;447,83020889256596
37,083333333333336;663,9285395240288;448,4686488567247
37,166666666666664;664,0775474614389;449,1054219301344
37,25;664,2251402917486;449,74053129279724
37,333333333333336;664,3713318582405;450,3739801289895
37,416666666666664;664,5161358661629;451,00577162718264
37,5;664,6595658840517;451,63590897996437
37,583333333333336;664,8016353450422;452,2643953839599
37,666666666666664;664,9423575481715;452,8912340397529
37,75;665,081745659671;453,5164281518065
37,833333333333336;665,2198127142502;454,13998092838443
37,916666666666664;665,3565716163696;454,7618955814717
38,0;665,4920351415046;455,3821753266959
38,083333333333336;665,6262159373999;456,000823383248
38,166666666666664;665,7591265253134;456,6178429738035
38,25;665,890779301251;457,2332373244432
38,333333333333336;666,0211865371916;457,8470096645747
38,416666666666664;666,1503603823022;458,4591632268532
38,5;666,2783128641431;459,0697012471028
38,583333333333336;666,4050558898639;459,67862696423776
38,666666666666664;666,5306012473889;460,2859436201839
38,75;666,6549606065938;460,89165445979995
38,833333333333336;666,7781455204721;461,4957627307992
38,916666666666664;666,9001674262914;462,09827168367093
39,0;667,0210376467409;462,6991845716024
39,083333333333336;667,1407673910684;463,2985046504007
39,166666666666664;667,2593677562085;463,8962351784145
39,25;667,3768497279;464,4923794164566
39,333333333333336;667,4932241817951;465,086940627726
39,416666666666664;667,6085018845577;465,6799220777305
39,5;667,7226934949526;466,27132703420926
39,583333333333336;667,8358095649261;466,8611587670556
39,666666666666664;667,9478605406752;467,4494205482401
39,75;668,0588567637088;468,0361156517337
39,833333333333336;668,1688084718995;468,62124735343133
39,916666666666664;668,2777258005248;469,2048189310752
40,0;668,3856187833;469,7868336641787
40,083333333333336;668,4924973534014;470,36729483395067
40,166666666666664;668,5983713444806;470,94620572321946
40,25;668,7032504916685;471,5235696163575
40,333333333333336;668,8071444325717;472,0993897992061
40,416666666666664;668,910062708258;472,6736695590004
40,5;669,0120147642341;473,2464121842946
40,583333333333336;669,1130099514139;473,8176209648877
40,666666666666664;669,2130575270775;474,387299191749
40,75;669,312166655821;474,9554501569444
40,833333333333336;669,4103464104986;475,52207715356263
40,916666666666664;669,5076057731545;476,0871834756421
41,0;669,6039536359465;476,65077241809763
41,083333333333336;669,6993988020607;477,2128472766477
41,166666666666664;669,793949986618;477,77341134774224
41,25;669,8876158175714;478,33246792849013
41,333333333333336;669,9804048365945;478,8900203165877
41,416666666666664;670,0723254999625;479,4460718102471
41,5;670,1633861794232;480,0006257081251
41,583333333333336;670,253595163061;480,55368530925233
41,666666666666664;670,3429606561516;481,1052539129628
41,75;670,4314907820084;481,6553348188235
41,833333333333336;670,5191935828215;482,203931326565
41,916666666666664;670,6060770204873;482,7510467360116
42,0;670,6921489774311;483,2966843470124
42,083333333333336;670,7774172574204;483,8408474593726
42,166666666666664;670,8618895863713;484,38353937278504
42,25;670,9455736131459;484,92476338676227
42,333333333333336;671,0284769103431;485,4645228005687
42,416666666666664;671,11060697508;486,0028209131537
42,5;671,1919712297669;486,53966102308425
42,583333333333336;671,2725770228731;487,07504642847886
42,666666666666664;671,3524316296869;487,60898042694123
42,75;671,431542253066;488,14146631549454
42,833333333333336;671,5099160241821;488,6725073905162
42,916666666666664;671,5875600032565;489,20210694767286
43,0;671,6644811802896;489,73026828185584
43,083333333333336;671,7406864757819;490,256994687117
43,166666666666664;671,8161827414483;490,78228945660516
43,25;671,8909767609255;491,30615588250254
43,333333333333336;671,9650752504712;491,82859725596205
43,416666666666664;672,0384848596569;492,34961686704463
43,5;672,1112121720539;492,8692180046573
43,583333333333336;672,1832637059111;493,3874039564914
43,666666666666664;672,2546459148274;493,9041780089615
43,75;672,3253651884157;494,41954344714424
43,833333333333336;672,3954278529618;494,93350355471836
43,916666666666664;672,4648401720746;495,4460616139044
44,0;672,5336083473309;495,9572209054054
44,083333333333336;672,6017385189136;496,46698470834747
44,166666666666664;672,6692367662426;496,97535630022145
44,25;672,7361091085994;497,48233895682444
44,333333333333336;672,8023615057456;497,987935952202
44,416666666666664;672,8679998585347;498,49215055859094
44,5;672,9330300095178;498,9949860463621
44,583333333333336;672,9974577435422;499,4964456839641
44,666666666666664;673,0612887883453;499,9965327378672
44,75;673,1245288151408;500,49525047250756
44,833333333333336;673,1871834391995;500,9926021502322
44,916666666666664;673,2492582204245;501,4885910312441
45,0;673,3107586639189;501,98322037354814
45,083333333333336;673,3716902205497;502,4764934328971
45,166666666666664;673,4320582875037;502,96841346273817
45,25;673,4918682088392;503,4589837141602
45,333333333333336;673,5511252760308;503,94820743584097
45,416666666666664;673,6098347285093;504,4360878739953
45,5;673,6680017541956;504,92262827232327
45,583333333333336;673,7256314900287;505,40783187195916
45,666666666666664;673,7827290224889;505,8917019114207
45,75;673,8392993881145;506,37424162655867
45,833333333333336;673,8953475740142;506,85545425050736
45,916666666666664;673,9508785183734;507,3353430136348
46,0;674,0058971109552;507,81391114349424
46,083333333333336;674,0604081935961;508,2911618647752
46,166666666666664;674,1144165606972;508,76709839925576
46,25;674,1679269597091;509,24172396575494
46,333333333333336;674,2209440916125;509,7150417800854
46,416666666666664;674,2734726113933;510,18705505500697
46,5;674,3255171285131;510,65776700018006
46,583333333333336;674,3770822073742;511,1271808221202
46,666666666666664;674,4281723677803;511,5952997241524
46,75;674,4787920853919;512,0621269063666
46,833333333333336;674,5289457921767;512,5276655655728
46,916666666666664;674,5786378768562;512,991918895257
47,0;674,6278726853461;513,4548900855381
47,083333333333336;674,6766545211938;513,9165823231244
47,166666666666664;674,7249876460093;514,376998791271
47,25;674,7728762798935;514,8361426697375
47,333333333333336;674,8203246018604;515,2940171347459
47,416666666666664;674,8673367502561;515,75062535894
47,5;674,9139168231719;516,2059705113437
47,583333333333336;674,9600688788548;516,6600557573207
47,666666666666664;675,005796936112;517,1128842585347
47,75;675,0511049747121;517,5644591729093
47,833333333333336;675,0959969357818;518,0147836545893
47,916666666666664;675,1404767221986;518,4638608539017
48,0;675,1845481989787;518,911693917317
48,083333333333336;675,2282151936615;519,3582859874122
48,166666666666664;675,2714814966896;519,8036402028321
48,25;675,3143508617851;520,2477596982535
48,333333333333336;675,3568270063216;520,6906476043478
48,416666666666664;675,3989136116925;521,1323070477448
48,5;675,4406143236752;521,5727411509974
48,583333333333336;675,4819327527915;522,0119530325459
48,666666666666664;675,5228724746646;522,449945806683
48,75;675,5634370303712;522,8867225835195
48,833333333333336;675,6036299267915;523,32228646895
48,916666666666664;675,6434546369541;523,7566405646195
49,0;675,6829146003774;524,1897879678899
49,083333333333336;675,7220132234089;524,621731771807
49,166666666666664;675,7607538795586;525,0524750650687
49,25;675,7991399098306;525,4820209319921
49,333333333333336;675,8371746230506;525,9103724524823
49,416666666666664;675,8748612961898;526,3375327020013
49,5;675,9122031746857;526,7635047515371
49,583333333333336;675,9492034727593;527,188291667573
49,666666666666664;675,985865373729;527,6118965120579
49,75;676,0221920303209;528,0343223423764
49,833333333333336;676,0581865649767;528,45557221132
49,916666666666664;676,0938520701574;528,8756491670578
50,0;676,1291916086439;529,2945562531082
50,083333333333336;676,1642082138352;529,7122965083112
50,166666666666664;676,1989048900427;530,1288729668
50,25;676,2332846127815;530,5442886579747
50,333333333333336;676,267350329059;530,9585466064743
50,416666666666664;676,30110495766;531,3716498321512
50,5;676,3345513894291;531,7836013500444
50,583333333333336;676,3676924875501;532,1944041703538
50,666666666666664;676,4005310878225;532,6040612984154
50,75;676,4330699989347;533,0125757346757
50,833333333333336;676,4653120027345;533,4199504746672
50,916666666666664;676,4972598544978;533,8261885089843
51,0;676,5289162831922;534,2312928232591
51,083333333333336;676,5602839917403;534,6352663981384
51,166666666666664;676,5913656572786;535,0381122092599
51,25;676,6221639314142;535,43983322723
51,333333333333336;676,6526814404789;535,8404324176008
51,416666666666664;676,6829207857805;536,2399127408485
51,5;676,7128845438517;536,6382771523512
51,583333333333336;676,7425752666959;537,0355286023679
51,666666666666664;676,7719954820308;537,4316700360174
51,75;676,8011476935296;537,8267043932574
51,833333333333336;676,8300343810592;538,2206346088644
51,916666666666664;676,8586580009163;538,6134636124136
52,0;676,8870209860607;539,0051943282592
52,083333333333336;676,9151257463467;539,3958296755153
52,166666666666664;676,9429746687513;539,7853725680367
52,25;676,9705701176008;540,1738259144003
52,333333333333336;676,9979144347947;540,5611926178867
52,416666666666664;677,0250099400268;540,9474755764628
52,5;677,0518589310053;541,3326776827632
52,583333333333336;677,0784636836688;541,7168018240737
52,666666666666664;677,1048264524017;542,0998508823138
52,75;677,1309494702464;542,4818277340203
52,833333333333336;677,1568349491137;542,8627352503306
52,916666666666664;677,1824850799906;543,2425762969673
53,0;677,2079020331466;543,6213537342217
53,083333333333336;677,2330879583374;543,9990704169387
53,166666666666664;677,2580449850061;544,375729194502
53,25;677,2827752224836;544,7513329108187
53,333333333333336;677,3072807601853;545,1258844043055
53,416666666666664;677,3315636678072;545,4993865078736
53,5;677,355625995519;545,8718420489159
53,583333333333336;677,3794697741554;546,2432538492925
53,666666666666664;677,403097015406;546,6136247253177
53,75;677,4265097120027;546,9829574877471
53,833333333333336;677,4497098379048;547,3512549417649
53,916666666666664;677,4726993484833;547,7185198869711
54,0;677,4954801807021;548,0847551173699
54,083333333333336;677,5180542532984;548,4499634213576
54,166666666666664;677,5404234669603;548,8141475817107
54,25;677,5625897045034;549,1773103755752
54,333333333333336;677,5845548310447;549,5394545744551
54,416666666666664;677,6063206941756;549,9005829442021
54,5;677,6278891241326;550,2606982450047
54,583333333333336;677,6492619339664;550,6198032313781
54,666666666666664;677,670440919709;550,9779006521545
54,75;677,6914278605396;551,3349932504733
54,833333333333336;677,7122245189487;551,6910837637716
54,916666666666664;677,7328326408995;552,0461749237753
55,0;677,7532539559893;552,4002694564899
55,083333333333336;677,7734901776083;552,7533700821923
55,166666666666664;677,7935430030967;553,105479515422
55,25;677,8134141139004;553,4566004649731
55,333333333333336;677,8331051757253;553,8067356338869
55,416666666666664;677,8526178386896;554,1558877194435
55,5;677,8719537374751;554,5040594131552
55,583333333333336;677,8911144914763;554,8512534007589
55,666666666666664;677,9101017049486;555,1974723622092
55,75;677,9289169671546;555,542718971672
55,833333333333336;677,947561852509;555,8869958975182
55,916666666666664;677,9660379207221;556,2303058023172
56,0;677,9843467169419;556,5726513428309
56,083333333333336;678,0024897718944;556,9140351700087
56,166666666666664;678,0204686020229;557,254459928981
56,25;678,0382847096258;557,5939282590549
56,333333333333336;678,0559395829929;557,9324427937086
56,416666666666664;678,0734346965401;558,2700061605867
56,5;678,0907715109431;558,606620981496
56,583333333333336;678,10795147327;558,9422898724005
56,666666666666664;678,1249760171114;559,2770154434177
56,75;678,141846562711;559,6108002988146
56,833333333333336;678,1585645170928;559,9436470370041
56,916666666666664;678,175131274189;560,2755582505412
57,0;678,1915482149649;560,6065365261197
57,083333333333336;678,207816707544;560,9365844445697
57,166666666666664;678,2239381073306;561,2657045808538
57,25;678,2399137571322;561,5938995040652
57,333333333333336;678,2557449872799;561,9211717774249
57,416666666666664;678,2714331157479;562,2475239582792
57,5;678,2869794482721;562,5729585980981
57,583333333333336;678,3023852784667;562,8974782424731
57,666666666666664;678,3176518879407;563,2210854311153
57,75;678,3327805464122;563,5437826978545
57,833333333333336;678,3477725118224;563,8655725706371
57,916666666666664;678,3626290304477;564,1864575715258
58,0;678,3773513370113;564,5064402166978
58,083333333333336;678,3919406547935;564,8255230164447
58,166666666666664;678,4063981957406;565,1437084751715
58,25;678,4207251605733;565,4609990913965
58,333333333333336;678,4349227388932;565,7773973577508
58,416666666666664;678,4489921092891;566,0929057609784
58,5;678,4629344394418;566,4075267819362
58,583333333333336;678,4767508862278;566,7212628955944
58,666666666666664;678,4904425958222;567,0341165710367
58,75;678,5040107038002;567,3460902714615
58,833333333333336;678,5174563352382;567,657186454182
58,916666666666664;678,5307806048133;567,9674075706275
59,0;678,5439846169022;568,2767560663447
59,083333333333336;678,5570694656788;568,5852343809983
59,166666666666664;678,5700362352111;568,8928449483732
59,25;678,5828859995572;569,1995901963758
59,333333333333336;678,5956198228598;569,5054725470355
59,416666666666664;678,6082387594407;569,8104944165071
59,5;678,6207438538934;570,1146582150723
59,583333333333336;678,6331361411751;570,4179663471422
59,666666666666664;678,6454166466985;570,7204212112597
59,75;678,6575863864217;571,0220252001018
59,833333333333336;678,6696463669375;571,3227807004823
59,916666666666664;678,6815975855623;571,6226900933549
60,0;678,6934410304232;571,9217557538154
60,083333333333336;678,7051776805454;572,2199800511056
60,166666666666664;678,7168085059377;572,517365348616
60,25;678,728334467678;572,813914003889
60,333333333333336;678,7397565179971;573,1096283686228
60,416666666666664;678,7510756003625;573,4045107886749
60,5;678,7622926495607;573,6985636040656
60,583333333333336;678,7734085917792;573,9917891489822
60,666666666666664;678,7844243446877;574,2841897517826
60,75;678,7953408175179;574,5757677349998
60,833333333333336;678,8061589111427;574,8665254153459
60,916666666666664;678,8168795181558;575,1564651037166
61,0;678,8275035229487;575,4455891051957
61,083333333333336;678,8380318017884;575,7338997190595
61,166666666666664;678,848465222893;576,021399238782
61,25;678,858804646508;576,3080899520392
61,333333333333336;678,8690509249811;576,5939741407142
61,416666666666664;678,879204902836;576,8790540809027
61,5;678,8892674168461;577,163332042918
61,583333333333336;678,8992392961071;577,4468102912957
61,666666666666664;678,9091213621091;577,7294910848001
61,75;678,9189144288076;578,0113766764291
61,833333333333336;678,9286193026945;578,2924693134199
61,916666666666664;678,938236782868;578,5727712372549
62,0;678,9477676611012;578,8522846836674
62,083333333333336;678,9572127219117;579,131011882648
62,166666666666664;678,9665727426285;579,4089550584496
62,25;678,97584849346;579,6861164295948
62,333333333333336;678,9850407375602;579,9624982088814
62,416666666666664;678,9941502310945;580,2381026033887
62,5;679,0031777233056;580,5129318144845
62,583333333333336;679,0121239565776;580,7869880378314
62,666666666666664;679,0209896665003;581,0602734633928
62,75;679,0297755819325;581,3327902754407
62,833333333333336;679,0384824250651;581,6045406525619
62,916666666666664;679,0471109114831;581,8755267676648
63,0;679,0556617502269;582,1457507879868
63,083333333333336;679,0641356438541;582,415214875101
63,166666666666664;679,0725332884992;582,6839211849237
63,25;679,0808553739339;582,9518718677216
63,333333333333336;679,089102583626;583,2190690681188
63,416666666666664;679,0972755947982;583,4855149251047
63,5;679,1053750784869;583,7512115720411
63,583333333333336;679,1134016995985;584,0161611366702
63,666666666666664;679,1213561169676;584,280365741122
63,75;679,1292389834127;584,5438275019218
63,833333333333336;679,1370509457927;584,8065485299985
63,916666666666664;679,1447926450618;585,0685309306924
64,0;679,1524647163247;585,3297768037629
64,08333333333333;679,160067788891;585,5902882433967
64,16666666666667;679,1676024863283;585,8500673382158
64,25;679,1750694265166;586,1091161712861
64,33333333333333;679,1824692217003;586,3674368201251
64,41666666666667;679,1898024785409;586,6250313567107
64,5;679,1970697981682;586,8819018474891
64,58333333333333;679,2042717762324;587,1380503533836
64,66666666666667;679,2114090029545;587,3934789298032
64,75;679,2184820631765;587,648189626651
64,83333333333333;679,2254915364111;587,9021844883325
64,91666666666667;679,2324379968919;588,1554655537655
65,0;679,2393220136213;588,4080348563872
65,08333333333333;679,2461441504194;588,6598944241645
65,16666666666667;679,2529049659719;588,911046279602
65,25;679,2596050138776;589,1614924397516
65,33333333333333;679,2662448426955;589,4112349162207
65,41666666666667;679,2728249959914;589,660275715182
65,5;679,2793460123839;589,9086168373825
65,58333333333333;679,2858084255904;590,1562602781522
65,66666666666667;679,2922127644721;590,403208027414
65,75;679,298559553079;590,6494620696925
65,83333333333333;679,3048493106945;590,8950243841234
65,91666666666667;679,311082551879;591,1398969444631
66,0;679,317259786514;591,3840817190978
66,08333333333333;679,3233815198447;591,6275806710536
66,16666666666667;679,3294482525234;591,8703957580052
66,25;679,3354604806515;592,1125289322862
66,33333333333333;679,3414186958213;592,3539821408982
66,41666666666667;679,347323385158;592,5947573255208
66,5;679,3531750313606;592,8348564225213
66,58333333333333;679,3589741127428;593,0742813629641
66,66666666666667;679,3647211032733;593,3130340726212
66,75;679,370416472616;593,5511164719812
66,83333333333333;679,3760606861694;593,7885304762598
66,91666666666667;679,3816542051059;594,0252779954094
67,0;679,387197486411;594,2613609341294
67,08333333333333;679,3926909829214;594,4967811918757
67,16666666666667;679,3981351433636;594,7315406628712
67,25;679,4035304123912;594,9656412361159
67,33333333333333;679,4088772306229;595,1990847953963
67,41666666666667;679,4141760346793;595,4318732192966
67,5;679,4194272572194;595,664008381208
67,58333333333333;679,4246313269775;595,8954921493395
67,66666666666667;679,4297886687991;596,1263263867277
67,75;679,4348997036765;596,3565129512475
67,83333333333333;679,439964848784;596,5860536956221
67,91666666666667;679,4449845175137;596,8149504674335
68,0;679,4499591195093;597,0432051091328
68,08333333333333;679,4548890607011;597,2708194580507
68,16666666666667;679,4597747433398;597,4977953464078
68,25;679,4646165660305;597,7241346013252
68,33333333333333;679,4694149237658;597,9498390448349
68,41666666666667;679,4741702079593;598,1749104938904
68,5;679,4788828064782;598,399350760377
68,58333333333333;679,4835531036756;598,6231616511229
68,66666666666667;679,4881814804233;598,8463449679092
68,75;679,4927683141432;599,0689025074807
68,83333333333333;679,4973139788387;599,2908360615568
68,91666666666667;679,501818845127;599,5121474168418
69,0;679,5062832802689;599,7328383550358
69,08333333333333;679,5107076482005;599,9529106528454
69,16666666666667;679,515092309563;600,1723660819944
69,25;679,519437621733;600,3911436053511
69,33333333333333;679,5237439388526;600,6093369292546
69,41666666666667;679,5280116118589;600,8269474059774
69,5;679,5322409885132;601,0439763862604
69,58333333333333;679,53643241343;601,2604252193032
69,66666666666667;679,540586228106;601,4762952527559
69,75;679,5447027709484;601,6915878327101
69,83333333333333;679,5487823773034;601,9063043036899
69,91666666666667;679,5528253794837;602,120446008644
70,0;679,5568321067967;602,3340142889361
70,08333333333333;679,5608028855719;602,5470104843374
70,16666666666667;679,5647380391875;602,7594359330176
70,25;679,5686378880985;602,9712919715364
70,33333333333333;679,572502749862;603,1825799348359
70,41666666666667;679,5763329391648;603,3933011562316
70,5;679,580128767849;603,6034569674048
70,58333333333333;679,5838905449383;603,8130486983943
70,66666666666667;679,5876185766633;604,0220776775885
70,75;679,5913131664873;604,2305452317174
70,83333333333333;679,5949746151317;604,4384526858447
70,91666666666667;679,5986032206004;604,6458013633601
71,0;679,6021992782051;604,8525925859715
71,08333333333333;679,6057630805899;605,0588276736974
71,16666666666667;679,609294917755;605,2645079448592
71,25;679,6127950770817;605,4696347160742
71,33333333333333;679,6162638433555;605,6742093022473
71,41666666666667;679,6197014987898;605,8782330165641
71,5;679,62310832305;606,0817071704838
71,58333333333333;679,6264845932761;606,2846330737316
71,66666666666667;679,6298305841059;606,4870120342915
71,75;679,6331465676976;606,6888453583997
71,83333333333333;679,6364328137527;606,890134350537
71,91666666666667;679,6396895895381;607,0908803134221
72,0;679,6429171599084;607,2910845480045
72,08333333333333;679,6461157873279;607,4907483534582
72,16666666666667;679,649285731892;607,6898730271743
72,25;679,6524272513492;607,8884598647545
72,33333333333333;679,6555406011223;608,0865101600049
72,41666666666667;679,6586260343295;608,2840252049286
72,5;679,6616838018052;608,4810062897202
72,58333333333333;679,6647141521212;608,6774547027585
72,66666666666667;679,6677173316067;608,8733717306006
72,75;679,6706935843692;609,0687586579755
72,83333333333333;679,6736431523146;609,2636167677779
72,91666666666667;679,6765662751668;609,457947341062
73,0;679,679463190488;609,6517516570353
73,08333333333333;679,6823341336982;609,8450309930529
73,16666666666667;679,6851793380945;610,0377866246109
73,25;679,6879990348706;610,2300198253414
73,33333333333333;679,6907934531358;610,4217318670057
73,41666666666667;679,693562819934;610,6129240194894
73,5;679,6963073602622;610,8035975507958
73,58333333333333;679,6990272970895;610,993753727041
73,66666666666667;679,7017228513752;611,1833938124482
73,75;679,704394242087;611,3725190693416
73,83333333333333;679,7070416862196;611,5611307581415
73,91666666666667;679,7096653988116;611,7492301373588
74,0;679,7122655929644;611,9368184635897
74,08333333333333;679,7148424798589;612,1238969915103
74,16666666666667;679,7173962687735;612,3104669738711
74,25;679,7199271671009;612,4965296614928
74,33333333333333;679,7224353803654;612,6820863032601
74,41666666666667;679,7249211122399;612,8671381461176
74,5;679,7273845645628;613,051686435064
74,58333333333333;679,7298259373543;613,235732413148
74,66666666666667;679,7322454288332;613,4192773214628
74,75;679,7346432354326;613,6023223991418
74,83333333333333;679,7370195518172;613,7848688833537
74,91666666666667;679,7393745708982;613,9669180092977
75,0;679,7417084838501;614,1484710101992
75,08333333333333;679,7440214801255;614,3295291173048
75,16666666666667;679,7463137474716;614,5100935598784
75,25;679,7485854719451;614,6901655651966
75,33333333333333;679,7508368379277;614,8697463585439
75,41666666666667;679,7530680281412;615,048837163209
75,5;679,7552792236626;615,22743920048
75,58333333333333;679,7574706039388;615,405553689641
75,66666666666667;679,7596423468019;615,583181847967
75,75;679,7617946284829;615,7603248907207
75,83333333333333;679,7639276236272;615,9369840311477
75,91666666666667;679,7660415053081;616,1131604804734
76,0;679,7681364450416;616,2888554478985
76,08333333333333;679,7702126128002;616,4640701405953
76,16666666666667;679,7722701770269;616,6388057637037
76,25;679,7743093046495;616,8130635203281
76,33333333333333;679,7763301610934;616,9868446115333
76,41666666666667;679,7783329102958;617,1601502363409
76,5;679,7803177147192;617,3329815917256
76,58333333333333;679,7822847353646;617,5053398726119
76,66666666666667;679,7842341317844;617,677226271871
76,75;679,7861660620961;617,8486419803165
76,83333333333333;679,7880806829949;618,0195881867022
76,91666666666667;679,7899781497664;618,1900660777177
77,0;679,7918586163;618,360076837986
77,08333333333333;679,7937222351009;618,5296216500599
77,16666666666667;679,7955691573025;618,698701694419
77,25;679,7973995326795;618,8673181494668
77,33333333333333;679,7992135096596;619,0354721915273
77,41666666666667;679,8010112353359;619,2031649948425
77,5;679,8027928554789;619,370397731569
77,58333333333333;679,8045585145484;619,5371715717756
77,66666666666667;679,8063083557054;619,7034876834402
77,75;679,8080425208238;619,8693472324472
77,83333333333333;679,8097611505023;620,0347513825849
77,91666666666667;679,8114643840752;620,1997012955424
78,0;679,8131523596247;620,3641981309074
78,08333333333333;679,8148252139916;620,528243046164
78,16666666666667;679,8164830827867;620,6918371966891
78,25;679,818126100402;620,8549817357513
78,33333333333333;679,8197544000213;621,0176778145072
78,41666666666667;679,8213681136319;621,1799265820003
78,5;679,8229673720346;621,3417291851578
78,58333333333333;679,8245523048545;621,5030867687886
78,66666666666667;679,8261230405524;621,6640004755816
78,75;679,8276797064343;621,8244714461026
78,83333333333333;679,8292224286624;621,9845008187931
78,91666666666667;679,8307513322652;622,1440897299677
79,0;679,832266541148;622,3032393138126
79,08333333333333;679,8337681781026;622,461950702383
79,16666666666667;679,8352563648176;622,6202250256017
79,25;679,8367312218885;622,7780634112572
79,33333333333333;679,8381928688273;622,9354669850017
79,41666666666667;679,8396414240723;623,0924368703493
79,5;679,841077004998;623,2489741886747
79,58333333333333;679,8424997279245;623,4050800592111
79,66666666666667;679,8439097081268;623,5607555990488
79,75;679,8453070598448;623,7160019231334
79,83333333333333;679,8466918962921;623,8708201442646
79,91666666666667;679,8480643296656;624,0252113730946
80,0;679,8494244711544;624,1791767181265
80,08333333333333;679,8507724309491;624,3327172857132
80,16666666666667;679,8521083182504;624,4858341800556
80,25;679,8534322412788;624,6385285032018
80,33333333333333;679,8547443072827;624,7908013550457
80,41666666666667;679,8560446225473;624,9426538333255
80,5;679,8573332924037;625,0940870336228
80,58333333333333;679,858610421237;625,2451020493617
80,66666666666667;679,8598761124952;625,3956999718071
80,75;679,8611304686971;625,5458818900642
80,83333333333333;679,8623735914413;625,6956488910771
80,91666666666667;679,8636055814142;625,8450020596284
81,0;679,8648265383982;625,9939424783378
81,08333333333333;679,86603656128;626,1424712276612
81,16666666666667;679,8672357480583;626,2905893858904
81,25;679,8684241958523;626,4382980291517
81,33333333333333;679,8696020009093;626,5855982314056
81,41666666666667;679,8707692586124;626,7324910644458
81,5;679,8719260634889;626,8789775978987
81,58333333333333;679,8730725092173;627,025058899223
81,66666666666667;679,8742086886353;627,1707360337086
81,75;679,8753346937475;627,3160100644764
81,83333333333333;679,8764506157324;627,4608820524777
81,91666666666667;679,8775565449505;627,6053530564939
82,0;679,8786525709511;627,7494241331359
82,08333333333333;679,8797387824799;627,8930963368439
82,16666666666667;679,880815267486;628,0363707198867
82,25;679,8818821131296;628,1792483323618
82,33333333333333;679,8829394057883;628,3217302221951
82,41666666666667;679,8839872310649;628,4638174351404
82,5;679,8850256737938;628,6055110147793
82,58333333333333;679,8860548180484;628,7468120025212
82,66666666666667;679,8870747471473;628,8877214376032
82,75;679,8880855436619;629,0282403570899
82,83333333333333;679,8890872894226;629,1683697958733
82,91666666666667;679,8900800655255;629,3081107866731
83,0;679,8910639523391;629,4474643600362
83,08333333333333;679,892039029511;629,5864315443374
83,16666666666667;679,8930053759741;629,7250133657792
83,25;679,893963069953;629,8632108483919
83,33333333333333;679,8949121889708;630,0010250140336
83,41666666666667;679,895852809855;630,1384568823913
83,5;679,8967850087438;630,27550747098
83,58333333333333;679,8977088610925;630,4121777951435
83,66666666666667;679,8986244416795;630,548468868055
83,75;679,8995318246125;630,684381700717
83,83333333333333;679,9004310833342;630,819917301962
83,91666666666667;679,9013222906287;630,9550766784528
84,0;679,9022055186274;631,0898608346828
84,08333333333333;679,9030808388143;631,2242707729766
84,16666666666667;679,9039483220326;631,358307493491
84,25;679,90480803849;631,4919719942147
84,33333333333333;679,9056600577644;631,6252652709695
84,41666666666667;679,9065044488099;631,7581883174108
84,5;679,9073412799618;631,890742125028
84,58333333333333;679,9081706189429;632,0229276831458
84,66666666666667;679,9089925328685;632,154745978924
84,75;679,9098070882521;632,2861979973592
84,83333333333333;679,9106143510106;632,417284721285
84,91666666666667;679,9114143864698;632,548007131373
85,0;679,9122072593697;632,6783662061334
85,08333333333333;679,9129930338697;632,8083629219166
85,16666666666667;679,913771773554;632,9379982529131
85,25;679,9145435414366;633,0672731711553
85,33333333333333;679,9153083999664;633,196188646518
85,41666666666667;679,9160664110324;633,3247456467194
85,5;679,9168176359686;633,4529451373224
85,58333333333333;679,9175621355593;633,5807880817356
85,66666666666667;679,9182999700433;633,7082754412139
85,75;679,9190311991199;633,8354081748605
85,83333333333333;679,9197558819527;633,9621872396272
85,91666666666667;679,920474077175;634,088613590316
86,0;679,9211858428945;634,2146881795804
86,08333333333333;679,9218912366978;634,3404119579264
86,16666666666667;679,9225903156554;634,4657858737138
86,25;679,923283136326;634,5908108731575
86,33333333333333;679,9239697547613;634,7154879003288
86,41666666666667;679,9246502265106;634,8398178971568
86,5;679,925324606625;634,9638018034298
86,58333333333333;679,9259929496625;635,0874405567965
86,66666666666667;679,9266553096916;635,2107350927678
86,75;679,9273117402962;635,3336863447178
86,83333333333333;679,9279622945802;635,4562952438856
86,91666666666667;679,9286070251711;635,5785627193767
87,0;679,9292459842248;635,7004896981643
87,08333333333333;679,9298792234298;635,8220771050915
87,16666666666667;679,9305067940111;635,9433258628719
87,25;679,9311287467347;636,0642368920923
87,33333333333333;679,9317451319114;636,1848111112134
87,41666666666667;679,9323559994014;636,3050494365722
87,5;679,9329613986176;636,4249527823828
87,58333333333333;679,9335613785304;636,544522060739
87,66666666666667;679,934155987671;636,6637581816158
87,75;679,9347452741358;636,7826620528706
87,83333333333333;679,9353292855901;636,9012345802456
87,91666666666667;679,9359080692719;637,0194766673693
88,0;679,9364816719961;637,1373892157585
88,08333333333333;679,9370501401579;637,2549731248199
88,16666666666667;679,9376135197366;637,3722292918524
88,25;679,9381718562996;637,4891586120483
88,33333333333333;679,9387251950059;637,6057619784959
88,41666666666667;679,9392735806098;637,7220402821812
88,5;679,9398170574646;637,8379944119896
88,58333333333333;679,940355669526;637,9536252547082
88,66666666666667;679,9408894603558;638,0689336950278
88,75;679,9414184731257;638,1839206155447
88,83333333333333;679,9419427506203;638,2985868967629
88,91666666666667;679,942462335241;638,4129334170963
89,0;679,942977269009;638,5269610528703
89,08333333333333;679,9434875935692;638,6406706783246
89,16666666666667;679,9439933501932;638,7540631656146
89,25;679,9444945797828;638,8671393848144
89,33333333333333;679,9449913228734;638,9799002039181
89,41666666666667;679,9454836196372;639,0923464888424
89,5;679,9459715098864;639,2044791034291
89,58333333333333;679,9464550330764;639,3162989094467
89,66666666666667;679,9469342283093;639,427806766593
89,75;679,9474091343366;639,5390035324976
89,83333333333333;679,9478797895629;639,6498900627238
89,91666666666667;679,9483462320484;639,7604672107708
90,0;679,9488084995126;639,8707358280767
90,08333333333333;679,9492666293369;639,9806967640201
90,16666666666667;679,9497206585677;640,0903508659228
90,25;679,9501706239197;640,1996989790524
90,33333333333333;679,9506165617786;640,3087419466242
90,41666666666667;679,9510585082041;640,417480609804
90,5;679,9514964989329;640,5259158077104
90,58333333333333;679,9519305693814;640,6340483774172
90,66666666666667;679,9523607546489;640,7418791539561
90,75;679,9527870895201;640,8494089703189
90,83333333333333;679,9532096084683;640,9566386574601
90,91666666666667;679,9536283456579;641,0635690442995
91,0;679,954043334947;641,1702009577247
91,08333333333333;679,9544546098906;641,2765352225937
91,16666666666667;679,9548622037432;641,3825726617373
91,25;679,9552661494614;641,4883140959619
91,33333333333333;679,9556664797063;641,5937603440519
91,41666666666667;679,9560632268468;641,6989122227727
91,5;679,9564564229617;641,8037705468728
91,58333333333333;679,9568460998422;641,9083361290868
91,66666666666667;679,9572322889951;642,012609780138
91,75;679,9576150216449;642,1165923087409
91,83333333333333;679,9579943287362;642,2202845216044
91,91666666666667;679,9583702409366;642,3236872234338
92,0;679,958742788639;642,4268012169342
92,08333333333333;679,9591120019641;642,5296273028127
92,16666666666667;679,9594779107626;642,6321662797816
92,25;679,9598405446181;642,7344189445607
92,33333333333333;679,9601999328492;642,8363860918807
92,41666666666667;679,9605561045116;642,9380685144854
92,5;679,9609090884011;643,0394670031346
92,58333333333333;679,9612589130554;643,1405823466075
92,66666666666667;679,9616056067566;643,2414153317047
92,75;679,9619491975336;643,3419667432518
92,83333333333333;679,9622897131643;643,4422373641015
92,91666666666667;679,9626271811776;643,5422279751374
93,0;679,962961628856;643,641939355276
93,08333333333333;679,9632930832375;643,7413722814701
93,16666666666667;679,9636215711182;643,8405275287118
93,25;679,9639471190541;643,9394058700351
93,33333333333333;679,9642697533632;644,0380080765187
93,41666666666667;679,964589500128;644,1363349172898
93,5;679,9649063851974;644,2343871595259
93,58333333333333;679,9652204341888;644,3321655684588
93,66666666666667;679,9655316724901;644,4296709073768
93,75;679,9658401252618;644,5269039376283
93,83333333333333;679,9661458174393;644,6238654186243
93,91666666666667;679,9664487737343;644,720556107842
94,0;679,9667490186378;644,8169767608272
94,08333333333333;679,9670465764208;644,9131281311978
94,16666666666667;679,9673414711374;645,0090109706468
94,25;679,9676337266261;645,1046260289451
94,33333333333333;679,967923366512;645,1999740539445
94,41666666666667;679,9682104142086;645,2950557915814
94,5;679,9684948929197;645,3898719858793
94,58333333333333;679,9687768256415;645,4844233789522
94,66666666666667;679,969056235164;645,5787107110077
94,75;679,9693331440733;645,6727347203498
94,83333333333333;679,9696075747531;645,7664961433825
94,91666666666667;679,969879549387;645,8599957146125
95,0;679,9701490899595;645,9532341666529
95,08333333333333;679,9704162182584;646,0462122302257
95,16666666666667;679,9706809558766;646,1389306341654
95,25;679,9709433242134;646,2313901054222
95,33333333333333;679,9712033444766;646,3235913690648
95,41666666666667;679,9714610376842;646,4155351482842
95,5;679,9717164246658;646,5072221643964
95,58333333333333;679,9719695260645;646,5986531368457
95,66666666666667;679,9722203623387;646,689828783208
95,75;679,9724689537635;646,7807498191942
95,83333333333333;679,9727153204326;646,8714169586531
95,91666666666667;679,9729594822595;646,9618309135749
96,0;679,9732014589797;647,0519923940943
96,08333333333333;679,9734412701519;647,1419021084938
96,16666666666667;679,9736789351595;647,2315607632071
96,25;679,9739144732125;647,3209690628221
96,33333333333333;679,9741479033489;647,4101277100843
96,41666666666667;679,9743792444362;647,4990374059005
96,5;679,9746085151731;647,5876988493412
96,58333333333333;679,9748357340907;647,676112737645
96,66666666666667;679,9750609195542;647,7642797662207
96,75;679,9752840897644;647,8522006286519
96,83333333333333;679,9755052627593;647,9398760166991
96,91666666666667;679,9757244564152;648,0273066203041
97,0;679,9759416884483;648,1144931275925
97,08333333333333;679,9761569764164;648,2014362248775
97,16666666666667;679,97637033772;648,2881365966631
97,25;679,9765817896038;648,3745949256474
97,33333333333333;679,9767913491579;648,4608118927264
97,41666666666667;679,9769990333199;648,5467881769965
97,5;679,9772048588752;648,6325244557587
97,58333333333333;679,9774088424593;648,7180214045216
97,66666666666667;679,9776110005587;648,8032796970047
97,75;679,9778113495121;648,888300005142
97,83333333333333;679,9780099055121;648,9730829990855
97,91666666666667;679,9782066846062;649,057629347208
98,0;679,9784017026984;649,1419397161073
98,08333333333333;679,9785949755502;649,226014770609
98,16666666666667;679,9787865187822;649,3098551737702
98,25;679,9789763478747;649,3934615868827
98,33333333333333;679,9791644781698;649,4768346694767
98,41666666666667;679,9793509248722;649,5599750793241
98,5;679,9795357030504;649,6428834724418
98,58333333333333;679,979718827638;649,7255605030953
98,66666666666667;679,9799003134349;649,808006823802
98,75;679,9800801751085;649,8902230853348
98,83333333333333;679,9802584271949;649,9722099367256
98,91666666666667;679,9804350841002;650,0539680252683
99,0;679,9806101601015;650,1354979965228
99,08333333333333;679,9807836693478;650,216800494318
99,16666666666667;679,9809556258618;650,2978761607559
99,25;679,9811260435405;650,3787256362141
99,33333333333333;679,9812949361564;650,4593495593501
99,41666666666667;679,9814623173588;650,5397485671045
99,5;679,981628200675;650,6199232947044
99,58333333333333;679,9817925995109;650,6998743756669
99,66666666666667;679,9819555271525;650,7796024418025
99,75;679,982116996767;650,8591081232187
99,83333333333333;679,9822770214034;650,9383920483236
99,91666666666667;679,9824356139943;651,0174548438292
100,0;679,9825927873562;651,0962971347549
100,08333333333333;679,9827485541912;651,1749195444308
100,16666666666667;679,9829029270873;651,253322694502
100,25;679,98305591852;651,3315072049309
100,33333333333333;679,9832075408532;651,4094736940015
100,41666666666667;679,98335780634;651,4872227783228
100,5;679,9835067271239;651,5647550728322
100,58333333333333;679,9836543152397;651,6420711907989
100,66666666666667;679,9838005826144;651,7191717438276
100,75;679,9839455410684;651,7960573418619
100,83333333333333;679,9840892023159;651,8727285931877
100,91666666666667;679,9842315779666;651,9491861044371
101,0;679,9843726795262;652,0254304805914
101,08333333333333;679,9845125183974;652,1014623249849
101,16666666666667;679,9846511058807;652,1772822393086
101,25;679,9847884531757;652,2528908236131
101,33333333333333;679,9849245713816;652,3282886763129
101,41666666666667;679,9850594714982;652,4034763941892
101,5;679,9851931644268;652,4784545723938
101,58333333333333;679,9853256609714;652,5532238044528
101,66666666666667;679,985456971839;652,6277846822696
101,75;679,9855871076409;652,7021377961288
101,83333333333333;679,9857160788933;652,7762837346995
101,91666666666667;679,9858438960185;652,8502230850393
102,0;679,9859705693452;652,9239564325968
102,08333333333333;679,9860961091099;652,9974843612165
102,16666666666667;679,9862205254574;653,0708074531411
102,25;679,9863438284416;653,1439262890158
102,33333333333333;679,9864660280265;653,2168414478913
102,41666666666667;679,9865871340869;653,2895535072278
102,5;679,9867071564092;653,3620630428981
102,58333333333333;679,9868261046922;653,4343706291914
102,66666666666667;679,986943988548;653,506476838817
102,75;679,9870608175023;653,578382242907
102,83333333333333;679,987176600996;653,6500874110208
102,91666666666667;679,9872913483853;653,7215929111482
103,0;679,9874050689425;653,7928993097127
103,08333333333333;679,9875177718573;653,8640071715753
103,16666666666667;679,9876294662366;653,9349170600382
103,25;679,9877401611063;654,0056295368478
103,33333333333333;679,9878498654114;654,0761451621986
103,41666666666667;679,9879585880165;654,1464644947367
103,5;679,9880663377071;654,2165880915633
103,58333333333333;679,9881731231901;654,2865165082378
103,66666666666667;679,9882789530946;654,356250298782
103,75;679,988383835972;654,4257900156832
103,83333333333333;679,9884877802975;654,4951362098979
103,91666666666667;679,9885907944706;654,564289430855
104,0;679,9886928868153;654,6332502264596
104,08333333333333;679,9887940655813;654,7020191430967
104,16666666666667;679,9888943389442;654,7705967256339
104,25;679,9889937150067;654,8389835174261
104,33333333333333;679,9890922017988;654,9071800603178
104,41666666666667;679,9891898072788;654,9751868946475
104,5;679,9892865393335;655,0430045592507
104,58333333333333;679,9893824057796;655,1106335914636
104,66666666666667;679,9894774143633;655,1780745271267
104,75;679,9895715727616;655,2453279005879
104,83333333333333;679,9896648885831;655,3123942447064
104,91666666666667;679,989757369368;655,3792740908561
105,0;679,989849022589;655,445967968929
105,08333333333333;679,9899398556522;655,5124764073387
105,16666666666667;679,9900298758971;655,5787999330239
105,25;679,9901190905977;655,6449390714521
105,33333333333333;679,9902075069627;655,7108943466226
105,41666666666667;679,9902951321367;655,7766662810706
105,5;679,9903819731998;655,84225539587
105,58333333333333;679,9904680371691;655,9076622106375
105,66666666666667;679,9905533309988;655,9728872435356
105,75;679,9906378615808;656,0379310112766
105,83333333333333;679,9907216357454;656,1027940291253
105,91666666666667;679,9908046602619;656,1674768109034
106,0;679,9908869418388;656,231979868992
106,08333333333333;679,9909684871244;656,2963037143359
106,16666666666667;679,991049302708;656,3604488564464
106,25;679,9911293951195;656,4244158034054
106,33333333333333;679,9912087708306;656,4882050618683
106,41666666666667;679,9912874362549;656,5518171370676
106,5;679,9913653977486;656,6152525328166
106,58333333333333;679,9914426616112;656,6785117515126
106,66666666666667;679,9915192340858;656,7415952941402
106,75;679,9915951213594;656,8045036602753
106,83333333333333;679,9916703295639;656,8672373480878
106,91666666666667;679,9917448647761;656,9297968543457
107,0;679,9918187330185;656,992182674418
107,08333333333333;679,9918919402597;657,0543953022786
107,16666666666667;679,9919644924149;657,1164352305094
107,25;679,9920363953464;657,1783029503036
107,33333333333333;679,992107654864;657,2399989514697
107,41666666666667;679,9921782767253;657,3015237224342
107,5;679,9922482666367;657,3628777502456
107,58333333333333;679,9923176302533;657,4240615205774
107,66666666666667;679,9923863731798;657,4850755177318
107,75;679,9924545009706;657,5459202246428
107,83333333333333;679,9925220191302;657,6065961228799
107,91666666666667;679,9925889331143;657,6671036926512
108,0;679,9926552483295;657,727443412807
108,08333333333333;679,9927209701339;657,7876157608433
108,16666666666667;679,9927861038377;657,8476212129049
108,25;679,9928506547038;657,9074602437886
108,33333333333333;679,9929146279479;657,9671333269473
108,41666666666667;679,9929780287389;658,0266409344928
108,5;679,9930408621995;658,085983537199
108,58333333333333;679,9931031334065;658,1451616045059
108,66666666666667;679,9931648473915;658,2041756045226
108,75;679,9932260091408;658,2630260040304
108,83333333333333;679,9932866235962;658,3217132684867
108,91666666666667;679,9933466956553;658,3802378620281
109,0;679,9934062301718;658,4386002474735
109,08333333333333;679,993465231956;658,4968008863276
109,16666666666667;679,9935237057749;658,5548402387845
109,25;679,9935816563534;658,6127187637309
109,33333333333333;679,9936390883737;658,6704369187489
109,41666666666667;679,9936960064762;658,7279951601203
109,5;679,9937524152597;658,7853939428289
109,58333333333333;679,9938083192818;658,8426337205647
109,66666666666667;679,9938637230596;658,8997149457265
109,75;679,9939186310695;658,9566380694256
109,83333333333333;679,993973047748;659,0134035414891
109,91666666666667;679,9940269774918;659,070011810463
110,0;679,9940804246583;659,1264633236157
110,08333333333333;679,9941333935658;659,1827585269409
110,16666666666667;679,9941858884941;659,2388978651616
110,25;679,9942379136846;659,2948817817324
110,33333333333333;679,9942894733408;659,3507107188439
110,41666666666667;679,9943405716286;659,4063851174247
110,5;679,9943912126766;659,4619054171461
110,58333333333333;679,9944414005764;659,5172720564241
110,66666666666667;679,994491139383;659,5724854724231
110,75;679,994540433115;659,6275461010595
110,83333333333333;679,9945892857554;659,6824543770045
110,91666666666667;679,9946377012512;659,7372107336876
111,0;679,9946856835143;659,7918156032995
111,08333333333333;679,9947332364213;659,8462694167957
111,16666666666667;679,9947803638145;659,9005726038997
111,25;679,9948270695014;659,9547255931058
111,33333333333333;679,9948733572559;660,0087288116828
111,41666666666667;679,9949192308176;660,062582685677
111,5;679,994964693893;660,1162876399153
111,58333333333333;679,9950097501555;660,1698440980089
111,66666666666667;679,9950544032453;660,2232524823556
111,75;679,9950986567701;660,2765132141441
111,83333333333333;679,9951425143056;660,329626713356
111,91666666666667;679,9951859793952;660,3825933987699
112,0;679,9952290555506;660,4354136879643
112,08333333333333;679,9952717462522;660,4880879973207
112,16666666666667;679,9953140549494;660,5406167420266
112,25;679,9953559850603;660,5930003360792
112,33333333333333;679,9953975399728;660,6452391922877
112,41666666666667;679,9954387230443;660,6973337222774
112,5;679,9954795376023;660,7492843364923
112,58333333333333;679,9955199869441;660,8010914441983
112,66666666666667;679,9955600743382;660,8527554534862
112,75;679,9955998030232;660,9042767712752
112,83333333333333;679,9956391762091;660,955655803316
112,91666666666667;679,995678197077;661,0068929541932
113,0;679,9957168687797;661,0579886273293
113,08333333333333;679,9957551944416;661,1089432249877
113,16666666666667;679,9957931771592;661,159757148275
113,25;679,9958308200012;661,2104307971451
113,33333333333333;679,995868126009;661,2609645704016
113,41666666666667;679,9959050981968;661,3113588657012
113,5;679,9959417395517;661,3616140795568
113,58333333333333;679,995978053034;661,4117306073405
113,66666666666667;679,996014041578;661,4617088432865
113,75;679,9960497080909;661,5115491804944
113,83333333333333;679,9960850554547;661,5612520109322
113,91666666666667;679,9961200865251;661,6108177254392
114,0;679,9961548041325;661,6602467137294
114,08333333333333;679,9961892110817;661,7095393643942
114,16666666666667;679,9962233101528;661,7586960649056
114,25;679,9962571041007;661,8077172016191
114,33333333333333;679,9962905956556;661,8566031597768
114,41666666666667;679,9963237875237;661,9053543235104
114,5;679,9963566823865;661,9539710758445
114,58333333333333;679,9963892829018;662,0024537986991
114,66666666666667;679,9964215917034;662,0508028728929
114,75;679,9964536114019;662,0990186781463
114,83333333333333;679,996485344584;662,1471015930842
114,91666666666667;679,9965167938137;662,1950519952394
115,0;679,9965479616318;662,242870261055
115,08333333333333;679,9965788505565;662,2905567658879
115,16666666666667;679,9966094630835;662,3381118840114
115,25;679,996639801686;662,3855359886184
115,33333333333333;679,9966698688152;662,4328294518241
115,41666666666667;679,9966996669002;662,4799926446693
115,5;679,9967291983487;662,5270259371231
115,58333333333333;679,9967584655466;662,5739296980859
115,66666666666667;679,9967874708583;662,6207042953921
115,75;679,9968162166274;662,6673500958137
115,83333333333333;679,9968447051764;662,7138674650625
115,91666666666667;679,9968729388069;662,7602567677934
116,0;679,9969009197999;662,8065183676069
116,08333333333333;679,9969286504162;662,8526526270529
116,16666666666667;679,9969561328961;662,8986599076324
116,25;679,9969833694602;662,9445405698012
116,33333333333333;679,9970103623089;662,9902949729728
116,41666666666667;679,9970371136229;663,0359234755209
116,5;679,9970636255638;663,0814264347824
116,58333333333333;679,9970899002733;663,1268042070604
116,66666666666667;679,9971159398743;663,1720571476269
116,75;679,9971417464708;663,2171856107258
116,83333333333333;679,9971673221476;663,2621899495756
116,91666666666667;679,9971926689709;663,3070705163724
117,0;679,9972177889888;663,3518276622925
117,08333333333333;679,9972426842306;663,3964617374958
117,16666666666667;679,9972673567078;663,4409730911277
117,25;679,9972918084136;663,4853620713228
117,33333333333333;679,9973160413236;663,5296290252073
117,41666666666667;679,9973400573957;663,5737742989018
117,5;679,9973638585701;663,6177982375242
117,58333333333333;679,9973874467698;663,6617011851926
117,66666666666667;679,9974108239006;663,7054834850277
117,75;679,9974339918512;663,749145479156
117,83333333333333;679,9974569524932;663,7926875087127
117,91666666666667;679,9974797076817;663,8361099138436
118,0;679,9975022592553;663,879413033709
118,08333333333333;679,9975246090358;663,9225972064859
118,16666666666667;679,9975467588291;663,9656627693704
118,25;679,9975687104245;664,0086100585811
118,33333333333333;679,9975904655956;664,0514394093617
118,41666666666667;679,9976120261001;664,0941511559834
118,5;679,99763339368;664,1367456317479
118,58333333333333;679,9976545700614;664,1792231689902
118,66666666666667;679,9976755569553;664,2215840990812
118,75;679,9976963560572;664,2638287524301
118,83333333333333;679,9977169690476;664,3059574584878
118,91666666666667;679,9977373975918;664,347970545749
119,0;679,9977576433403;664,3898683417553
119,08333333333333;679,9977777079287;664,4316511730976
119,16666666666667;679,9977975929781;664,4733193654188
119,25;679,9978173000951;664,5148732434166
119,33333333333333;679,9978368308718;664,5563131308462
119,41666666666667;679,9978561868862;664,5976393505231
119,5;679,997875369702;664,6388522243252
119,58333333333333;679,9978943808691;664,679952073196
119,66666666666667;679,9979132219233;664,720939217147
119,75;679,997931894387;664,7618139752605
119,83333333333333;679,9979503997686;664,802576665692
119,91666666666667;679,9979687395632;664,8432276056731
120,0;679,9979869152527;664,883767111514
